page_date,category,title,readings_text,body,prayer,image_path,reading_links_json
2026-01-01,全心爱主,1月1日：爱的起点,创世记1-2章、马太福音1章、诗篇1篇,"你是照着神的形象所造的，是祂满怀爱意与目的精心塑造的。你不是偶然，也不是事后的想法。从起初，神就细心地创造你，并向你吹入生命的气息。安息在祂的同在中，让你的敬拜从认识造物主的喜乐中升起。

祂的信实永不改变。正如祂在基督里成就了祂的应许，祂也必在你身上成就祂美好的旨意。即使过程有时显得缓慢，你仍可信靠祂的时间。从创造到救赎，祂的爱始终是你身份的根基。扎根于祂的真理，祂的爱必在每个季节扶持你。

以敬畏之心全心爱主，祂的智慧就要成为你的引导与力量。",天父，感谢祢照着祢的形象创造我，并以目的编织我的人生。帮助我安息在祢的同在中，全心全意地爱祢，并扎根于祢的话语。求祢以祢的智慧引导我，愿祢的爱在每个季节中扶持我。愿我的生命见证祢的信实，荣耀祢的名。阿们。,/static/images/picture1.jpg,"[{""text"": ""创世记 1章"", ""url"": ""https://www.wordproject.org/bibles/gb/01/1.htm""}, {""text"": ""创世记 2章"", ""url"": ""https://www.wordproject.org/bibles/gb/01/2.htm""}, {""text"": ""马太福音 1章"", ""url"": ""https://www.wordproject.org/bibles/gb/40/1.htm""}, {""text"": ""诗篇 1篇"", ""url"": ""https://www.wordproject.org/bibles/gb/19/1.htm""}]"
2026-01-02,全心爱主,1月2日：选择爱，而非罪,创世记3章、马太福音2章、诗篇2篇,"创世记第3章记载了人类堕落的悲剧。亚当和夏娃在信靠神与跟随私欲之间面临抉择。蛇诱惑他们，使他们以为可以拥有智慧，并能脱离神而自立。

令人心痛的是，他们陷入了罪中。尽管人失败了，神的爱并未因此消失。虽然罪带来了后果，但主仍为他们遮盖赤身，并赐下盼望与未来。罪是从我们怀疑神的良善，在祂以外寻求满足开始。

让我们每天选择活在救主的爱中,因祂的爱远胜过一切短暂的罪恶与世上的享乐。",天父，感谢祢藉着耶稣向我显明祢的爱，并指示我生命的道路。求祢赐我力量，抵挡试探，行在公义中，并在每天的抉择里以爱回应祢。愿我的顺服成为我对祢爱的忠诚表达。阿们。,/static/images/picture1.jpg,"[{""text"": ""创世记 3章"", ""url"": ""https://www.wordproject.org/bibles/gb/01/3.htm""}, {""text"": ""马太福音 2章"", ""url"": ""https://www.wordproject.org/bibles/gb/40/2.htm""}, {""text"": ""诗篇 2篇"", ""url"": ""https://www.wordproject.org/bibles/gb/19/2.htm""}]"
2026-01-03,全心爱主,1月3日：悔改是神所喜悦的,创世记4章、马太福音3章、诗篇3-4篇,"在马太福音第3章，施洗约翰呼召众人悔改，因为“天国近了”。悔改并非羞耻，而是回转到那位爱我们的主面前。当我们真实全心爱主，就不会在失败时逃避祂，而是奔向祂。

悔改就是在说：“神啊，我太爱祢，不愿与祢疏远；我要让我的心贴近祢的心。”约翰接着说：“要结出与悔改相称的果子。”当我们全心爱主，就愿意让祂改变我们的态度、习惯与行为。真正的悔改会结出谦卑、慷慨、顺服、饶恕与圣洁的果子。

我们改变，不是为了赢得神的爱，而是因为我们已经得着祂的爱，并渴望讨祂的喜悦。",主耶稣，我回转向祢。求祢赦免我一切的罪。我渴望先讨祢的喜悦。教导我每天隐藏在祢里面，安息在祢信实的保护中。愿祢的同在更新我的心灵，引导我的脚步。阿们。,/static/images/picture1.jpg,"[{""text"": ""创世记 4章"", ""url"": ""https://www.wordproject.org/bibles/gb/01/4.htm""}, {""text"": ""马太福音 3章"", ""url"": ""https://www.wordproject.org/bibles/gb/40/3.htm""}, {""text"": ""诗篇 3篇"", ""url"": ""https://www.wordproject.org/bibles/gb/19/3.htm""}, {""text"": ""诗篇 4篇"", ""url"": ""https://www.wordproject.org/bibles/gb/19/4.htm""}]"
2026-01-04,全心爱主,1月4日：与神同行,创世记5-6章、马太福音4章、诗篇5篇,"以诺的一生在创世记第五章中，用一句简单却有力的话总结：“以诺与神同行”。这并非一时的属灵热忱，而是一生持守与神亲近的操练。全心的信心不只是相信神，更是在每个季节选择与祂同行。

信心不是短跑，而是日复一日与神并肩同行。希伯来书11章5节揭示了以诺的遗产：他得了神喜悦他的明证。他的信心如此讨神的喜悦，以至于神亲自接他去与祂同在。他既没有建造方舟，也没有领导一个国家，但他深深地爱神，这就已经足够了。

让我们也渴望，每一天与我们的主同行！",天父，求祢帮助我忠心地与祢同行。我渴望更深认识祢。让我在爱与顺服中坚定不移，结出讨祢喜悦的果子。求祢无时无刻都与我同在。我全然信靠祢。阿们。,/static/images/picture1.jpg,"[{""text"": ""创世记 5章"", ""url"": ""https://www.wordproject.org/bibles/gb/01/5.htm""}, {""text"": ""创世记 6章"", ""url"": ""https://www.wordproject.org/bibles/gb/01/6.htm""}, {""text"": ""马太福音 4章"", ""url"": ""https://www.wordproject.org/bibles/gb/40/4.htm""}, {""text"": ""诗篇 5篇"", ""url"": ""https://www.wordproject.org/bibles/gb/19/5.htm""}]"
2026-01-05,全心爱主,1月5日：在风暴中安然无恙,创世记7-8章、马太福音5:1-20、箴言1:1-7,"每个人都会经历人生的风暴。但归根结底在于：“神是否在风暴中与我们同在?”挪亚因耶和华的吩咐进入方舟。想象一下，如果他拒绝，后果将是何等致命？他的家人会与世上的人一同淹没。

挪亚一家在风暴中安然无恙，但必须经历漫长的等待才能离开方舟。即使在寂静中，神记念挪亚。我们的主不会忘记祂的儿女。祂没有忘记你和我！当水退去，门打开，挪亚踏入了一个全新的世界。

那位在方舟中保护他的神，如今引导他进入新的开始。无论你正处于风暴中还是等候的季节，要继续信靠祂。祂正在为你预备一个崭新的开始！",天父，感谢祢作我的避难所和喜乐的源头。教导我在爱中顺服，存谦卑的心行事，并将祢的智慧珍藏在心。愿祢的同在带给我平安，使我在每一个季节都得以安稳。阿们。,/static/images/picture1.jpg,"[{""text"": ""创世记 7章"", ""url"": ""https://www.wordproject.org/bibles/gb/01/7.htm""}, {""text"": ""创世记 8章"", ""url"": ""https://www.wordproject.org/bibles/gb/01/8.htm""}, {""text"": ""马太福音 5:1-20"", ""url"": ""https://www.wordproject.org/bibles/gb/40/5.htm""}, {""text"": ""箴言 1:1-7"", ""url"": ""https://www.wordproject.org/bibles/gb/20/1.htm""}]"
2026-01-06,全心爱主,1月6日：盟约之爱，盟约之生,创世记9-10章、马太福音5:21-48、箴言1:8-19,"如果神对我们信实的爱是根基，那么我们为神而活的信实生命便是那爱的彰显。二者缺一不可。没有生命的爱是空谈；没有爱的生命是律法主义。

神与我们所立的约是基于祂自己属性的应许。亲近祂，向祂举目祷告。每天活出尊荣祂的方式，并在实际的选择中活出神的真理。

你将看见祂话语的成就在你生命中“要生养众多“。",天父，感谢祢那永恒的约和不变的爱。求祢帮助我行在祢的公义中，在祷告中寻求祢，并信靠祢的应许。愿我的生命结出荣耀祢名的果子。阿们。,/static/images/picture1.jpg,"[{""text"": ""创世记 9章"", ""url"": ""https://www.wordproject.org/bibles/gb/01/9.htm""}, {""text"": ""创世记 10章"", ""url"": ""https://www.wordproject.org/bibles/gb/01/10.htm""}, {""text"": ""马太福音 5:21-48"", ""url"": ""https://www.wordproject.org/bibles/gb/40/5.htm""}, {""text"": ""箴言 1:8-19"", ""url"": ""https://www.wordproject.org/bibles/gb/20/1.htm""}]"
2026-01-07,全心爱主,1月7日：认识神为父,创世记11-12章、马太福音6章、箴言1:20-26,"主祷文以改变生命的四个字开头：“我们的父”。耶稣本可以说“我们的君王”或“我们的创造主”，但祂选择了“父”。这种对神的称呼是前所未闻的。在旧约中，我们看到神的百姓以极为敬畏的方式称呼祂，如雅威(Yahweh)、阿多奈(Adonai)或伊罗欣(Elohim)。

基督向我们显明了，我们和神最重要的关系就是承认祂为我们的天父。这样，我们才可以与祂建立亲密的关系。这就是为什么我们被教导：“你们亲近神，神就必亲近你们”。神渴望与我们亲近；祂渴望与我们建立爱的关系。与祂交谈，向祂倾心吐意！

祂会倾听、关怀并回应我们。",天父，感谢祢向我启示祢自己是我的天父。祢是我所能拥有的最完美的父亲。当我亲近祢时，求祢向我显明祢自己。帮助我认识并爱祢胜过任何人。阿们。,/static/images/picture1.jpg,"[{""text"": ""创世记 11章"", ""url"": ""https://www.wordproject.org/bibles/gb/01/11.htm""}, {""text"": ""创世记 12章"", ""url"": ""https://www.wordproject.org/bibles/gb/01/12.htm""}, {""text"": ""马太福音 6章"", ""url"": ""https://www.wordproject.org/bibles/gb/40/6.htm""}, {""text"": ""箴言 1:20-26"", ""url"": ""https://www.wordproject.org/bibles/gb/20/1.htm""}]"
2026-01-08,连结社群,1月8日：和平的关系,创世记13-15章、马太福音7章、箴言1:27-33,"亚伯拉罕和罗得的牧人之间发生了冲突，因为他们不断增长的羊群使他们共享的土地变得紧张。亚伯拉罕没有为此争吵，而是选择了和平。出于对近亲的爱，亚伯拉罕让罗得先选择他想要的土地。

当我们看重人过于财产，看重合一过于骄傲时，我们就能拥有和平的关系。和平并不意味着避免冲突，而是以爱来处理这些冲突。意味着在寻求被理解之前，先寻求理解。神的心意是和好，而非分裂。

愿我们的天父帮助我们建立有意义且和平的关系。",主耶稣，感谢祢呼召我作世上的盐和光。教导我寻求和平，像耶稣一样存谦卑的心行事，并以怜悯爱人。愿我的生命反映祢的心意，并带领他人更亲近祢。阿们。,/static/images/picture2.jpg,"[{""text"": ""创世记 13章"", ""url"": ""https://www.wordproject.org/bibles/gb/01/13.htm""}, {""text"": ""创世记 14章"", ""url"": ""https://www.wordproject.org/bibles/gb/01/14.htm""}, {""text"": ""创世记 15章"", ""url"": ""https://www.wordproject.org/bibles/gb/01/15.htm""}, {""text"": ""马太福音 7章"", ""url"": ""https://www.wordproject.org/bibles/gb/40/7.htm""}, {""text"": ""箴言 1:27-33"", ""url"": ""https://www.wordproject.org/bibles/gb/20/1.htm""}]"
2026-01-09,连结社群,1月9日：在人的处境中接触他们,创世记16-17章、马太福音8章、箴言2:1-11,"在夏甲逃到的荒凉之地，神找到了她。在亚伯拉罕的家中，夏甲被视为婢女和替代品。但神看见了真实的她以及她所经历的一切。神看见并听见那些受伤之人的呼求。祂顾念被遗忘的人，提醒我们要将恩典与接纳，延伸给那些感到被忽视的人。

耶稣总是注意到那些被社会忽视的人。祂为无权者发声，拥抱被边缘化的人。我们常常忽略别人的伤痛，急于给出评语，却忘了与他们一同哭泣。当你在人的处境中接触他们时，你就使神的爱对他们而言变得可见、可感。

在一个不友善的世界里，怜悯让我们放慢脚步，去看见神所看见的—那痛苦背后的人。",天父，祢是那位看见破碎、听见每一个呼求的神。帮助我放慢脚步，看见身边受伤的人，并像耶稣那样显出怜悯。愿我的善意，让那些被遗忘的人感受到祢真实的爱。阿们。,/static/images/picture2.jpg,"[{""text"": ""创世记 16章"", ""url"": ""https://www.wordproject.org/bibles/gb/01/16.htm""}, {""text"": ""创世记 17章"", ""url"": ""https://www.wordproject.org/bibles/gb/01/17.htm""}, {""text"": ""马太福音 8章"", ""url"": ""https://www.wordproject.org/bibles/gb/40/8.htm""}, {""text"": ""箴言 2:1-11"", ""url"": ""https://www.wordproject.org/bibles/gb/20/2.htm""}]"
2026-01-10,连结社群,1月10日：代祷的力量,创世记18-19章、马太福音9章、箴言2:12-22,"罗得和他的家人因亚伯拉罕的祷告而免受神的审判。对我们今天而言，这段记载提醒我们，代祷不仅仅是话语；而是在灵里为他人站在破口中。神邀请我们与祂同工，为我们的家庭、教会和国家祷告。

代祷的力量不在于我们的口才，而在于我们与神的旨意和心意的对齐。这是一种无私的行动，你将别人的关切当作自己的来承担。相信通过祷告，仇敌的计划可以被挫败。最终，我们相信神的旨意必得成就。

你愿意为他人站在破口中吗？",天父，感谢祢垂听祢百姓的祷告。求祢帮助我像亚伯拉罕一样，凭着信心和怜悯为有需要的人代求。教导我带着确信和真诚祷告，使我的社群得坚固，祢的怜悯得彰显。阿们。,/static/images/picture2.jpg,"[{""text"": ""创世记 18章"", ""url"": ""https://www.wordproject.org/bibles/gb/01/18.htm""}, {""text"": ""创世记 19章"", ""url"": ""https://www.wordproject.org/bibles/gb/01/19.htm""}, {""text"": ""马太福音 9章"", ""url"": ""https://www.wordproject.org/bibles/gb/40/9.htm""}, {""text"": ""箴言 2:12-22"", ""url"": ""https://www.wordproject.org/bibles/gb/20/2.htm""}]"
2026-01-11,连结社群,1月11日：根深则人强,创世记20-21章、马太福音10:1-23、箴言3:1-10,"当耶稣差遣门徒出去时，祂告诉他们将会面对拒绝、逼迫和艰难。同样的，当我们被差遣出去时，这也不会是轻松的。在基督里深深扎根，能帮助我们抵挡人生的风暴。

根深则人强。正如树通过根吸收水分，我们从祂圣灵的活水中汲取养分。我们的忍耐、勇气和果效都源于住在基督里。我们越深居于祂的真理中，就越能在世人面前站立得稳。

所以，当压力来临时，不要灰心。让它驱使你的根扎得更深。你或许会弯曲，但不会折断。神会赐你超自然的力量去度过所有境况！",天父，感谢祢呼召并差遣我进入世界作祢的门徒。我知道这条路并非总是易行，但我选择在祢里面坚定站立。帮助我不要惧怕风暴，而是在风暴中成长，为祢的荣耀结出果子。阿们。,/static/images/picture2.jpg,"[{""text"": ""创世记 20章"", ""url"": ""https://www.wordproject.org/bibles/gb/01/20.htm""}, {""text"": ""创世记 21章"", ""url"": ""https://www.wordproject.org/bibles/gb/01/21.htm""}, {""text"": ""马太福音 10:1-23"", ""url"": ""https://www.wordproject.org/bibles/gb/40/10.htm""}, {""text"": ""箴言 3:1-10"", ""url"": ""https://www.wordproject.org/bibles/gb/20/3.htm""}]"
2026-01-12,连结社群,1月12日：与耶稣同工,创世记22-23章、马太福音10:24-42、诗篇6,"正如耶稣如何差遣那十二个门徒，今天祂也向我们发出同样的指示，要我们在祂国度的工作中与祂同工。与耶稣同工，意味着既行在祂的大能中，也行在祂的谦卑里。

我们要以祂的心服事他人，并将结果交托给祂；知道无论我们去到哪里，祂都与我们同行。然而，耶稣警告说，这种伙伴关系需要付上代价。不是每个人都会欢迎我们。

真正与耶稣同工，意味着与祂一同分享喜乐与苦难，经历拒绝，也一同领受奖赏你如何在日常生活中，在家里、工作或事奉中与耶稣同工？",主耶稣，感谢祢邀请我参与祢的使命，并将祢的心意带到世界。教导我行在祢的大能和谦卑中，以爱服事，并将一切结果交托给祢。提醒我，无论我往哪里去，祢都与我同在。阿们。,/static/images/picture2.jpg,"[{""text"": ""创世记 22章"", ""url"": ""https://www.wordproject.org/bibles/gb/01/22.htm""}, {""text"": ""创世记 23章"", ""url"": ""https://www.wordproject.org/bibles/gb/01/23.htm""}, {""text"": ""马太福音 10:24-42"", ""url"": ""https://www.wordproject.org/bibles/gb/40/10.htm""}, {""text"": ""诗篇 6"", ""url"": ""https://www.wordproject.org/bibles/gb/19/6.htm""}]"
2026-01-13,连结社群,1月13日：活出黄金法则,创世记24章、马太福音11章、诗篇7,"黄金法则对我们的人际关系具有深远的力量。它呼召我们设身处地，以我们渴望被对待的尊重和恩典来对待他人。它不仅仅是一个需要遵循的道德原则。

它反映了我们是什么样的人。我们都渴望被尊重、耐心对待和善意相待。没有人愿意被欺骗、被诽谤或被排斥。我们都感激在需要时得帮助。活出黄金法则不是单靠意志力能维持的。这是圣灵在我们心里动工的结果，使我们能够像耶稣一样去爱他人。

求圣灵帮助你用神的眼光去看待每一个人。",主耶稣，求祢改变我的心，使我每天能活出祢的爱。帮助我用祢的眼光看待他人，并出于爱而非责任活出黄金法则。愿我的生命彰显我从祢那里领受的恩典。阿们。,/static/images/picture2.jpg,"[{""text"": ""创世记 24章"", ""url"": ""https://www.wordproject.org/bibles/gb/01/24.htm""}, {""text"": ""马太福音 11章"", ""url"": ""https://www.wordproject.org/bibles/gb/40/11.htm""}, {""text"": ""诗篇 7"", ""url"": ""https://www.wordproject.org/bibles/gb/19/7.htm""}]"
2026-01-14,连结社群,1月14日：在合一中生活,创世记25-26章、马太福音12:1-21、诗篇8,"合一不是没有差异。而是在我们的差异中有恩典存在。雅各和以扫的冲突显示了兄弟间的竞争和嫉妒如何能撕裂家庭。另一方面，以撒在面对冲突时选择了和平而非竞争。

他信靠神会为他开路。活在合一中是反映耶稣的心意。合一不是单靠协议建立的，而是通过用神的眼光看待彼此。信徒不必须完全相同或在每个微小细节上意见一致。但我们必须作为一个身体共同运作，尽管有个体差异，仍要以爱心行事。

基督徒彼此同心合一的生活方式，成为向世人见证福音真理和基督之爱的有力见证。",天父，使我成为祢合一的器皿。当冲突发生时，教导我选择和平并伸出怜悯。帮助我行在和平中，说话带着恩典，并用祢的眼光看待他人。阿们。,/static/images/picture2.jpg,"[{""text"": ""创世记 25章"", ""url"": ""https://www.wordproject.org/bibles/gb/01/25.htm""}, {""text"": ""创世记 26章"", ""url"": ""https://www.wordproject.org/bibles/gb/01/26.htm""}, {""text"": ""马太福音 12:1-21"", ""url"": ""https://www.wordproject.org/bibles/gb/40/12.htm""}, {""text"": ""诗篇 8"", ""url"": ""https://www.wordproject.org/bibles/gb/19/8.htm""}]"
2026-01-15,进入命定,1月15日：尊荣神的时间,创世记27章、马太福音12:22-50、诗篇9,"在雅各和以扫出生之前，神就已经宣告祝福将属于他。雅各早已被拣选。但雅各没有等待神来成就，反而试图通过欺骗来夺取。虽然雅各最终得到了祝福，却带来了心碎、分离和多年的挣扎。

他的急躁和操纵造成了不必要的痛苦。当我们不信靠神的时间，擅自掌控事情时，我们就使神原本要祝福的事情变得复杂。以人的方式行神的旨意，会导致冲突和延误。雅各最重要的转折点发生在多年后他与神摔跤的时候。这一次，他没有为争取祝福而欺骗，而是完全倚靠神。

当你停止挣扎，开始信靠时，你的命定就展开了。",主耶稣，当我试图靠自己的力量急于求成时，求祢赦免我。教导我信靠祢的时间，并凭正直行事。在祢为我预备应许之时，塑造我的品格。愿我在祢的时间和方式里领受祢的祝福。阿们。,/static/images/picture3.jpg,"[{""text"": ""创世记 27章"", ""url"": ""https://www.wordproject.org/bibles/gb/01/27.htm""}, {""text"": ""马太福音 12:22-50"", ""url"": ""https://www.wordproject.org/bibles/gb/40/12.htm""}, {""text"": ""诗篇 9"", ""url"": ""https://www.wordproject.org/bibles/gb/19/9.htm""}]"
2026-01-16,进入命定,1月16日：神救赎被拒者,创世记28-29章、马太福音13:1-29、诗篇10,"拒绝是人生最深的伤口之一。当别人根据我们的过去、错误或所缺乏的来给我们贴标签时，我们感到被拒绝。当雅各欺骗父亲并逃离时，所有人都看见一个骗子和逃犯。但神并没有透过拒绝的镜头看他。

人可能根据我们的过去来评判我们，但神看见我们所能成为的样子。神对你生命的呼召不会因人的拒绝而被取消。对那被遗弃的、不被爱的、受压迫的、被忽视的，以及那些有着羞耻或罪恶过去的人—耶稣看见你，祂听见你，祂要救赎你。

恩典要重写你的故事。你过去的失败不会限制你的未来。你不必靠自己修复一切。神在你的破碎之中与你相遇。愿你的过去成为祂恩典的有力见证。",天父，感谢祢，我的过去不定义我的未来。求祢呼召我进入祢旨意的丰盛中。帮助我全心跟随基督。我信靠祢将一步步展开我的未来。阿们。,/static/images/picture3.jpg,"[{""text"": ""创世记 28章"", ""url"": ""https://www.wordproject.org/bibles/gb/01/28.htm""}, {""text"": ""创世记 29章"", ""url"": ""https://www.wordproject.org/bibles/gb/01/29.htm""}, {""text"": ""马太福音 13:1-29"", ""url"": ""https://www.wordproject.org/bibles/gb/40/13.htm""}, {""text"": ""诗篇 10"", ""url"": ""https://www.wordproject.org/bibles/gb/19/10.htm""}]"
2026-01-17,进入命定,1月17日：国度影响者,创世记30章、马太福音13:30-58、诗篇11-12,"我们都能在日常环境中，通过应用国度的原则和价值观来影响世界。耶稣的比喻揭示了神的国如何改变世界。它可能开始时像一粒芥菜种；虽然微小且隐藏，却注定要成长。

它像面酵在面团里一样运作，静悄悄地由内工作，直到一切都被转变。国度影响力并不总是通过宏大的舞台或响亮的声音而来。那持续小小顺服的行动，可以带来丰盛的祝福。每一次低声的祷告，每一个善意的举动，每一句真理的话语，都是神能将它长成超过你所能想象的果实。

今天，你要如何成为耶稣的影响者？",主耶稣，感谢祢将祢国度的工作托付给我。教导我珍惜微小的开端，即使无人注意也忠心地服事。求祢使用我这微小的种子，为祢的荣耀效力。阿们。,/static/images/picture3.jpg,"[{""text"": ""创世记 30章"", ""url"": ""https://www.wordproject.org/bibles/gb/01/30.htm""}, {""text"": ""马太福音 13:30-58"", ""url"": ""https://www.wordproject.org/bibles/gb/40/13.htm""}, {""text"": ""诗篇 11-12"", ""url"": ""https://www.wordproject.org/bibles/gb/19/11.htm""}]"
2026-01-18,进入命定,1月18日：行走水面的勇气,创世记31章、马太福音14章、诗篇13,"当风暴肆虐，狂风呼啸时，耶稣出现，行走在水面上。当耶稣吩咐彼得到祂那里去时，彼得没有分析波浪，也没有等待风暴平息。他听见救主的声音就踏了出去。

那就是顺服的勇气。信靠救主的声音，即使前路充满不确定，也要迈出一步。但当彼得将焦点从耶稣转移到风暴上时，恐惧占据了他，他开始下沉。顺服的勇气在于专注，而非毫无恐惧。信心定睛于基督，而非风暴。

你是否曾有过某个时刻，感觉到耶稣邀请你在一个崭新或不确定的生活领域信靠祂？",天父，当人生的风暴环绕我时，帮助我在嘈杂中听见祢的声音。赐我勇气，让我在信心中踏出脚步，相信祢的呼召胜过我的恐惧。当我开始下沉时，求祢用手拉起我，再次坚固我的心。阿们。,/static/images/picture3.jpg,"[{""text"": ""创世记 31章"", ""url"": ""https://www.wordproject.org/bibles/gb/01/31.htm""}, {""text"": ""马太福音 14章"", ""url"": ""https://www.wordproject.org/bibles/gb/40/14.htm""}, {""text"": ""诗篇 13"", ""url"": ""https://www.wordproject.org/bibles/gb/19/13.htm""}]"
2026-01-19,进入命定,1月19日：每日向祂的呼召降服,创世记32-33章、马太福音15章、箴言3:11-20,"你是否正在某个特定问题上与神角力？也许这是一个你难以放手的领域。抵挡仇敌攻击的方法就是完全向主降服。受伤后的雅各，被改名为""以色列""，他发现命定不是靠操纵实现的，而是靠降服。

当我们放下自己的掌控时，神就赐下祂的计划。当我们放下自己的骄傲时，神就赐下祂的身份。当我们放下自己的时间表，神就赐下祂的丰盛。在神的国里，降服不是软弱，它是通往命定的途径。每日降服不是放弃，而是将自己的意志交托给主。

当我们停止挣扎时，神的能力就接管一切。",主耶稣，我将所面对的挣扎和难以放手的事情带到祢面前。教导我释放我的恐惧、骄傲和掌控欲。像雅各一样，改变我的心，在祢里面赐给我一个新的身份。阿们。,/static/images/picture3.jpg,"[{""text"": ""创世记 32章"", ""url"": ""https://www.wordproject.org/bibles/gb/01/32.htm""}, {""text"": ""创世记 33章"", ""url"": ""https://www.wordproject.org/bibles/gb/01/33.htm""}, {""text"": ""马太福音 15章"", ""url"": ""https://www.wordproject.org/bibles/gb/40/15.htm""}, {""text"": ""箴言 3:11-20"", ""url"": ""https://www.wordproject.org/bibles/gb/20/3.htm""}]"
2026-01-20,进入命定,1月20日：超越痛苦,创世记34-35章、马太福音16章、箴言3:21-35,"人生总有痛苦。有时，感觉试炼正使我们偏离了呼召和目的。请放心，神从不浪费任何弯路。在神的故事里，痛苦从来不是终点，它可以成为你生命的转折点。神的声音常常在挣扎中出现。苦难成为雅各重新听见神呼召的契机。

在我们最低谷、心最柔软的时候，神的低语最终能被听见。超越痛苦不是逃避它。而是允许神借此转化你。每一个交托的痛苦都是发现命定的开始。每一滴眼泪都成为见证。每一次破碎都成为与神更深的同行。若不经过神借着痛苦的医治、洁净和炼净，我们无法完全活出神的呼召。

苦难或许不可避免，但若我们将它交在神手中，它就无法夺走我们的呼召。",天父，感谢祢，我的痛苦在祢手中不会被浪费。求祢将我的苦难转化为赞美，我的眼泪化为见证。我将我的伤痛全然交托给祢，求祢将它们转化为对祢的敬拜。阿们。,/static/images/picture3.jpg,"[{""text"": ""创世记 34章"", ""url"": ""https://www.wordproject.org/bibles/gb/01/34.htm""}, {""text"": ""创世记 35章"", ""url"": ""https://www.wordproject.org/bibles/gb/01/35.htm""}, {""text"": ""马太福音 16章"", ""url"": ""https://www.wordproject.org/bibles/gb/40/16.htm""}, {""text"": ""箴言 3:21-35"", ""url"": ""https://www.wordproject.org/bibles/gb/20/3.htm""}]"
2026-01-21,进入命定,1月21日：不惜代价得智慧,创世记36章、马太福音17章、箴言4:1-9,"箴言4:1-9美妙地捕捉了一位父亲对儿女发自内心的恳求，要他们追求智慧过于一切。他在说智慧必须在我们所追求的事物中占据首位。人们追逐许多东西—成功、权力、认可、影响力、安全感、舒适等等。

但所罗门教导说，没有智慧，这些东西可能成为陷阱而非祝福。这种神赐的智慧有别于世俗的智慧。它不仅仅是一套道德指导。属神的智慧是一个指南针，帮助我们领悟神的旨意，提供属灵的理解，并引导我们做出明智的选择。

智慧帮助我们以分辨力来管理我们所拥有的。从神而来的智慧比黄金更宝贵。这对世界来说可能听起来愚拙，但持久的平安与喜乐之路只能在基督里找到。",天父，求祢教导我看重智慧过于一切。引导我走在明辨的道路上。愿祢的智慧塑造我的选择，守护我的脚步，并引导我走在祢为我预备的道路上。阿们。,/static/images/picture3.jpg,"[{""text"": ""创世记 36章"", ""url"": ""https://www.wordproject.org/bibles/gb/01/36.htm""}, {""text"": ""马太福音 17章"", ""url"": ""https://www.wordproject.org/bibles/gb/40/17.htm""}, {""text"": ""箴言 4:1-9"", ""url"": ""https://www.wordproject.org/bibles/gb/20/4.htm""}]"
2026-01-22,成为祝福,1月22日：来自天上的梦,创世记37-38章、马太福音18章、箴言4:10-19,"你是否曾经从神那里领受过一个梦？对约瑟而言，他领受的梦是为了预备他未来的角色，拯救他家族的生命并成就神盟约的应许。同样地，神放在我们心中的梦也显明了祂对我们的心意。那么，你如何回应这些从神而来的梦的梦呢？

首先，要知道神渴望在你与祂同行的旅程中塑造你的品格。正如约瑟必须一路忍受许多挑战，你也要准备好面对前方路上一切的障碍。每一次的失望都是在基督里成长的机会。每一次的分心都是对你信心的考验。

每一次的绕道都是学习谦卑和耐心的时刻。最终，神放在你里面的梦，将借着信心成就。今天，就在梦想旅程中迈出下一步吧！",主耶稣，感谢祢，当我行在祢里面时，我生命中的一切都不会荒废。求祢像为约瑟所做的那样救赎我的试炼，并帮助我信靠祢胜过一切困难。愿祢赐给我的梦想在我生命中成就。阿们。,/static/images/picture4.jpg,"[{""text"": ""创世记 37章"", ""url"": ""https://www.wordproject.org/bibles/gb/01/37.htm""}, {""text"": ""创世记 38章"", ""url"": ""https://www.wordproject.org/bibles/gb/01/38.htm""}, {""text"": ""马太福音 18章"", ""url"": ""https://www.wordproject.org/bibles/gb/40/18.htm""}, {""text"": ""箴言 4:10-19"", ""url"": ""https://www.wordproject.org/bibles/gb/20/4.htm""}]"
2026-01-23,成为祝福,1月23日：从忠心到丰盛,创世记39-40章、马太福音19章、箴言4:20-27,"约瑟就像撒种比喻中落在好土里的“种子”。他选择在每一个季节都成为祝福，无论是在尊荣的地位上还是在艰难的环境中。他忠心地使用神赐的恩赐服事他人，即使当他被诬告时也是如此。

当你忠心地行在主的呼召中，最终你必看见生命中的丰盛。这果实随后成为给你和周围人的祝福之源！在学业、工作或事奉的劳苦中，你要有耐心。你也许会面对困难，但神与你同在，祂必带你度过一切。

在适当的时候，你将获得神祝福的奖赏！",主耶稣，感谢祢呼召我成为祝福的管道。教导我像约瑟一样坚定不移，使用祢所赐的恩赐去服事他人。帮助我信靠祢，相信在适当的季节，祢必使我结出果实。愿我的生命在任何景况中都荣耀祢。阿们。,/static/images/picture4.jpg,"[{""text"": ""创世记 39章"", ""url"": ""https://www.wordproject.org/bibles/gb/01/39.htm""}, {""text"": ""创世记 40章"", ""url"": ""https://www.wordproject.org/bibles/gb/01/40.htm""}, {""text"": ""马太福音 19章"", ""url"": ""https://www.wordproject.org/bibles/gb/40/19.htm""}, {""text"": ""箴言 4:20-27"", ""url"": ""https://www.wordproject.org/bibles/gb/20/4.htm""}]"
2026-01-24,成为祝福,1月24日：满足胜过比较,创世记41-42章、马太福音20章、箴言5:1-12,"比较的心使我们很难祝福他人。当这种情况发生时，我们往往只祝福那些我们认为比自己不幸的人。在马太福音20章，葡萄园里的每个工人都得到了同样慷慨的工资，无论他们何时开始工作。

基督将福音同样赐给富人和穷人。信靠祂的工价是永生。但当一些工人将自己的份与他人的做比较时，问题就出现了。他们忘记了他们已经得到了超过他们所应得的。“比较”的危险在于它使我们过度关注别人所拥有的。我们必须为我们已经拥有的一切美好的的祝福感恩！

今天，就为神所赐给你的一切欢欣喜乐吧！",天父，感谢祢赐给我的一切祝福。帮助我停止拿自己的生活与他人比较。用感恩和信靠充满我的心，愿知足保守我的心。阿们。,/static/images/picture4.jpg,"[{""text"": ""创世记 41章"", ""url"": ""https://www.wordproject.org/bibles/gb/01/41.htm""}, {""text"": ""创世记 42章"", ""url"": ""https://www.wordproject.org/bibles/gb/01/42.htm""}, {""text"": ""马太福音 20章"", ""url"": ""https://www.wordproject.org/bibles/gb/40/20.htm""}, {""text"": ""箴言 5:1-12"", ""url"": ""https://www.wordproject.org/bibles/gb/20/5.htm""}]"
2026-01-25,成为祝福,1月25日：祝福你的敌人,创世记43-44章、马太福音21:1-22、箴言5:13-23,"面对拒绝固然痛苦，但祝福那些拒绝你的人则更加困难。约瑟不仅原谅了出卖他的哥哥们，还慷慨对待他们。他为他们提供食物和住所。即使在他们不配得的时候，他也向他们显出怜悯。

祝福我们的敌人谈何容易。我们必须交出我们报复的权利，让神的怜悯接管。这确实是我们能做的最像基督的事情之一。当我们祝福那些伤害我们的人时，这表示了爱，而非苦毒掌管着我们的心。

恩典就成为和好生长的土壤。",天父，祢知道被拒绝和背叛的痛苦。请帮助我像约瑟那样回应。教导我祝福那些伤害我的人，并信靠祢的公义过于我自己。让爱而非苦毒掌管我的心。阿们。,/static/images/picture4.jpg,"[{""text"": ""创世记 43章"", ""url"": ""https://www.wordproject.org/bibles/gb/01/43.htm""}, {""text"": ""创世记 44章"", ""url"": ""https://www.wordproject.org/bibles/gb/01/44.htm""}, {""text"": ""马太福音 21:1-22"", ""url"": ""https://www.wordproject.org/bibles/gb/40/21.htm""}, {""text"": ""箴言 5:13-23"", ""url"": ""https://www.wordproject.org/bibles/gb/20/5.htm""}]"
2026-01-26,成为祝福,1月26日：饶恕与放手,创世记45-46章、马太福音21:23-46、诗篇14,"饶恕是信心最具挑战性却又最得释放的行动之一。当有人错待我们时，我们的本能是紧抓痛苦、愤怒或渴望申张公义。透过约瑟的故事，我们惊讶于主如何医治了他创伤的过去。

他饶恕了他的哥哥们，并通过提供食物和在埃及的居所，拯救他们免于饥荒。主是否在感动你去饶恕那些伤害过你的人？在神面前全然放手。告诉祂祢的伤痛，并求祂赐给你力量去饶恕。

你必从祂那里得着恩典和安慰。",天父，感谢祢向我显明饶恕的力量。请帮助我放下苦毒，并给予恩典，即使这很困难。教导我自由地去祝福他人。愿我的饶恕成为祢爱和自由的见证。阿们。,/static/images/picture4.jpg,"[{""text"": ""创世记 45章"", ""url"": ""https://www.wordproject.org/bibles/gb/01/45.htm""}, {""text"": ""创世记 46章"", ""url"": ""https://www.wordproject.org/bibles/gb/01/46.htm""}, {""text"": ""马太福音 21:23-46"", ""url"": ""https://www.wordproject.org/bibles/gb/40/21.htm""}, {""text"": ""诗篇 14"", ""url"": ""https://www.wordproject.org/bibles/gb/19/14.htm""}]"
2026-01-27,成为祝福,1月27日：传承的力量,创世记47-48章、马太福音22:1-22、诗篇15,"当雅各临近生命终点时，他回顾神的信实。他祝福他的儿子们，宣告主的应许临到他们。这是一个确保神的盟约在他离世后得以延续的行动。雅各的祝福超越了他的生命，并塑造了以色列的命定。

我们透过他的一生学习到，传承不仅仅是传递财产，也是传递我们属灵的产业，并将我们的信心传承给后代。你正在为你的后代建立什么样的属灵遗产？你正在传承什么样的信心、价值观和敬虔的影响力？

当人们想到你的生平和见证时，会记得什么样的神美善的故事？",天父，感谢祢那永不改变的信实，引导我度过人生的每个季节。请帮助我以传承的心态生活。让祢的旨意透过我延续到下一代。阿们。,/static/images/picture4.jpg,"[{""text"": ""创世记 47章"", ""url"": ""https://www.wordproject.org/bibles/gb/01/47.htm""}, {""text"": ""创世记 48章"", ""url"": ""https://www.wordproject.org/bibles/gb/01/48.htm""}, {""text"": ""马太福音 22:1-22"", ""url"": ""https://www.wordproject.org/bibles/gb/40/22.htm""}, {""text"": ""诗篇 15"", ""url"": ""https://www.wordproject.org/bibles/gb/19/15.htm""}]"
2026-01-28,成为祝福,1月28日：话语的力量,创世记49-50章、马太福音22:23-46、诗篇16,"你知道你的话语多么有力量吗？雅各对他的儿子们说预言性的话。有些是祝福的话；其他则是警告的话。这提醒我们，我们的话语有能力建立或拆毁。每次我们说话，要么是在播撒生命的种子，要么是在撒下伤害的种子。

我们的话语比我们存留更久。它们被植入我们所影响的人里面。我们今天所说的话会在明天产生回响。我们的话语会带来生命、盼望和信心吗？还是它们会留下创伤？让我们用话语的力量去祝福、医治并引导他人朝向神的旨意。

当我们带着爱和智慧说话时，我们的话语就成为持久的属灵遗产。",天父，感谢祢赐下能塑造生命的话语恩赐。保守我的舌头不出恶言，用恩慈、怜悯和祷告充满我的言语。愿我的话语承载祢的祝福，用鼓励和盼望触动许多生命。阿们。,/static/images/picture4.jpg,"[{""text"": ""创世记 49章"", ""url"": ""https://www.wordproject.org/bibles/gb/01/49.htm""}, {""text"": ""创世记 50章"", ""url"": ""https://www.wordproject.org/bibles/gb/01/50.htm""}, {""text"": ""马太福音 22:23-46"", ""url"": ""https://www.wordproject.org/bibles/gb/40/22.htm""}, {""text"": ""诗篇 16"", ""url"": ""https://www.wordproject.org/bibles/gb/19/16.htm""}]"
2026-01-29,全心爱主,1月29日：燃烧而非烧尽,出埃及记1-3章、马太福音23:1-20、诗篇17,"摩西看见一棵荆棘在火中燃烧却没有烧毁。这超自然的景象揭示了一个深刻的真理。当神是火的源头时，这火不会烧尽你。当我们仅仅依靠自己的力量时，我们许多人会经历身心耗尽。但当神的同在成为我们的动力时，我们可以明亮地燃烧而不被烧尽。

当我们立志爱神时，我们从祂那里汲取能量和热情。燃烧的荆棘提醒我们，圣洁的火先于圣洁的使命。神要我们先被充满，然后才倾倒出去。持守长久服事和爱人的秘诀，是亲近那位支撑我们的主。

当摩西怀疑时，神不是说：“再努力一点。”祂说：“我必与你同在。”今天，求神用祂的火充满你，重新点燃你的生命！",天父，用祢的同在点燃我的心。帮助我从祢那里汲取力量，而不是独自承担一切。让我持续带着热忱，在跟随祢呼召的路上，愿祢成为我的动力和喜乐。阿们。,/static/images/picture1.jpg,"[{""text"": ""出埃及记 1章"", ""url"": ""https://www.wordproject.org/bibles/gb/02/1.htm""}, {""text"": ""出埃及记 2章"", ""url"": ""https://www.wordproject.org/bibles/gb/02/2.htm""}, {""text"": ""出埃及记 3章"", ""url"": ""https://www.wordproject.org/bibles/gb/02/3.htm""}, {""text"": ""马太福音 23:1-20"", ""url"": ""https://www.wordproject.org/bibles/gb/40/23.htm""}, {""text"": ""诗篇 17"", ""url"": ""https://www.wordproject.org/bibles/gb/19/17.htm""}]"
2026-01-30,全心爱主,1月30日：虽软弱仍被拣选,出埃及记4-6章、马太福音23:21-39、诗篇18:1-25,"你是否过于关注自己的软弱？摩西在神呼召他时，也曾为不安全感所挣扎。他说：“倘若他们不信我呢？”以及“我是拙口笨舌的。”他看的是自己的局限，而非那位无限之神的大能。

尽管摩西的缺点，上帝还是拣选了摩西。这对我们而言是重要的一课。当神呼召我们时，祂从不要求我们完美，祂只要我们在这过程中信靠祂。神没有移除摩西的软弱，而是赐给他所需的一切：神迹、信任确据，甚至让亚伦作他的帮手。神不是说“修理好你自己”，祂是说“让我透过你做工。

”同样地，要信靠相信神会在你需要的地方帮助你，祂必带你度过！",天父，感谢祢在我软弱时仍爱我。祢看见我的缺点，却仍然拣选我。求你用祢的力量充满我，并提醒我祢的恩典够用。帮助我信靠祢胜过我的局限。阿们。,/static/images/picture1.jpg,"[{""text"": ""出埃及记 4章"", ""url"": ""https://www.wordproject.org/bibles/gb/02/4.htm""}, {""text"": ""出埃及记 5章"", ""url"": ""https://www.wordproject.org/bibles/gb/02/5.htm""}, {""text"": ""出埃及记 6章"", ""url"": ""https://www.wordproject.org/bibles/gb/02/6.htm""}, {""text"": ""马太福音 23:21-39"", ""url"": ""https://www.wordproject.org/bibles/gb/40/23.htm""}, {""text"": ""诗篇 18:1-25"", ""url"": ""https://www.wordproject.org/bibles/gb/19/18.htm""}]"
2026-01-31,全心爱主,1月31日：不要冷淡,出埃及记7-8章、马太福音24:1-35、诗篇18:26-50,"耶稣在马太福音24:12警告说：“只因不法的事增多，许多人的爱心才渐渐冷淡了。”当生活变得艰难时，我们更积极保护自己、封闭情感、停止爱神和爱人。一颗冰冷的心不是一夜之间发生的，它是慢慢发生的。

我们停止祷告，渐渐远离神的话语，允许苦毒、恐惧或疲惫在心中扎根。曾经拥有的热情，变成了例行公事和义务。耶稣说：“惟有忍耐到底的，必然得救。”我们通过亲近耶稣就能坚持到底。当我们在神面前保持心柔软，我们就能在艰难时期仍然去爱。

世界可能变得更黑暗，但我们的爱可以更明亮。",主耶稣，保守我的心不至于冷淡。当世界变得更黑暗时，保守我对祢的爱依然燃烧明亮。用祢的热情、祢的同在和祢的火充满我。帮助我紧紧依靠祢直到末了。阿们。,/static/images/picture1.jpg,"[{""text"": ""出埃及记 7章"", ""url"": ""https://www.wordproject.org/bibles/gb/02/7.htm""}, {""text"": ""出埃及记 8章"", ""url"": ""https://www.wordproject.org/bibles/gb/02/8.htm""}, {""text"": ""马太福音 24:1-35"", ""url"": ""https://www.wordproject.org/bibles/gb/40/24.htm""}, {""text"": ""诗篇 18:26-50"", ""url"": ""https://www.wordproject.org/bibles/gb/19/18.htm""}]"
2026-02-01,全心爱主,2月1日：至始忠心,出埃及记9-11章、马太福音24:36-51、诗篇19,"没有人知道祂何时再来。祂的降临将是突然的，就像挪亚的日子，人们专注于日常生活，毫无准备。基督随后对比了一个忠心的仆人和一个不忠心的仆人。忠心的仆人努力讨神喜悦。

他们不分心、不粗心、不在灵里沉睡。他们不问“耶稣何时来？”他们问:“如果祂今天来，我准备好了吗？”不忠心的仆人假定他的主会迟延，并以此为借口自私地生活。

他恶待他人，并故意违背神的话语。最终，忠心的仆人承受天国，而不忠心的仆人被扔进永远的灭亡。愿我们在信实的神面前，活出忠心！",主耶稣，帮助我即使在艰难和无人观看时，仍能保持忠心。让我的生命与祢的旨意对齐，预备好迎接你的再来，并在祢的爱中坚定不移。阿们。,/static/images/picture1.jpg,"[{""text"": ""出埃及记 9章"", ""url"": ""https://www.wordproject.org/bibles/gb/02/9.htm""}, {""text"": ""出埃及记 10章"", ""url"": ""https://www.wordproject.org/bibles/gb/02/10.htm""}, {""text"": ""出埃及记 11章"", ""url"": ""https://www.wordproject.org/bibles/gb/02/11.htm""}, {""text"": ""马太福音 24:36-51"", ""url"": ""https://www.wordproject.org/bibles/gb/40/24.htm""}, {""text"": ""诗篇 19"", ""url"": ""https://www.wordproject.org/bibles/gb/19/19.htm""}]"
2026-02-02,全心爱主,2月2日：记念祂的爱,出埃及记12章、马太福音25:1-30、箴言6:1-5,"神命令以色列人守逾越节，作为祂大能拯救他们出埃及的永久纪念。逾越节晚餐的每个细节都是为了帮助祂的百姓记念：那标记他们房屋的羔羊之血、无酵饼，以及神越过并保全他们的那一夜。

这不仅仅是一个仪式；而是一个爱的启示。神要祂的百姓永不忘记，祂是因着爱而拯救了他们。上帝保护他们，因为他们是祂立约的百姓。记念神的爱使我们锚定在祂是谁上，尤其是当生活感觉不确定时。我们可以带着对基督宝血的信心面对试炼，因为爱在十字架上取代了我们的位置。

逾越节指向我们一个深刻的真理：我们是永远被爱、被宽恕、被救赎的。",天父，感谢祢在我生命中拯救的工作。帮助我常常记念祢的爱。教导我行在祢的爱中，使我所做的一切都能反映我对祢的爱。阿们。,/static/images/picture1.jpg,"[{""text"": ""出埃及记 12章"", ""url"": ""https://www.wordproject.org/bibles/gb/02/12.htm""}, {""text"": ""马太福音 25:1-30"", ""url"": ""https://www.wordproject.org/bibles/gb/40/25.htm""}, {""text"": ""箴言 6:1-5"", ""url"": ""https://www.wordproject.org/bibles/gb/20/6.htm""}]"
2026-02-03,全心爱主,2月3日：当爱分开大海,出埃及记13-14章、马太福音25:31-46、箴言6:6-15,"当以色列人站在红海边，埃及军队紧追不舍时，他们充满了深深的恐惧。摩西向他们保证：""耶和华必为你们争战；你们只管静默，不要作声。""神告诉摩西向海伸杖，这是一个在逻辑上毫无意义的命令。

然而摩西顺服了，神就行了一个神迹。全心爱主意味着即使我们不明白如何运作时也顺服祂。这意味着在我们看见结果之前就说""是""。我们屡次在圣经中看见上帝行不可思议的神迹。花点时间思想上帝为你所做的一切神妙之事。

这不仅是祂爱你的证明；也是使你能更爱祂的力量。",主耶稣，当我感到被困且看不到出路时，提醒我祢是分开大海的神；在看似无路之处开道路。感谢祢如此爱我。我爱祢。阿们。,/static/images/picture1.jpg,"[{""text"": ""出埃及记 13章"", ""url"": ""https://www.wordproject.org/bibles/gb/02/13.htm""}, {""text"": ""出埃及记 14章"", ""url"": ""https://www.wordproject.org/bibles/gb/02/14.htm""}, {""text"": ""马太福音 25:31-46"", ""url"": ""https://www.wordproject.org/bibles/gb/40/25.htm""}, {""text"": ""箴言 6:6-15"", ""url"": ""https://www.wordproject.org/bibles/gb/20/6.htm""}]"
2026-02-04,全心爱主,2月4日：神供应,出埃及记15-17章、马太福音26:1-35、箴言6:16-19,"以色列人神奇地渡过红海得拯救之后，百姓很快面对旷野的严酷现实—没有水、没有食物，也没有清晰的前路。然而在每一次挑战中，神都显明自己是他们全然的供应者。

神使苦水变甜，祂从天上降下吗哪，甚至从磐石中引出水来。每一个神迹都提醒我们，神供应祂百姓的需要，并看顾他们。当你思想上帝在你生命中奇妙供应时，要以爱和敬拜回应祂。祂的供应可能不总是按我们期望的方式临到，但总是在最合适的时刻来到。

正如以色列学习每天收取吗哪，我们也必须学习每天倚靠神的恩典。",天父，感谢祢是生命的粮和满足我心灵的活水。教导我活在感恩中，以敬畏尊荣祢，并宣告祢的赞美。愿我的生命持续反映祢的良善和信实。阿们。,/static/images/picture1.jpg,"[{""text"": ""出埃及记 15章"", ""url"": ""https://www.wordproject.org/bibles/gb/02/15.htm""}, {""text"": ""出埃及记 16章"", ""url"": ""https://www.wordproject.org/bibles/gb/02/16.htm""}, {""text"": ""出埃及记 17章"", ""url"": ""https://www.wordproject.org/bibles/gb/02/17.htm""}, {""text"": ""马太福音 26:1-35"", ""url"": ""https://www.wordproject.org/bibles/gb/40/26.htm""}, {""text"": ""箴言 6:16-19"", ""url"": ""https://www.wordproject.org/bibles/gb/20/6.htm""}]"
2026-02-05,连结社群,2月5日：警醒祷告,出埃及记18-19章、马太福音26:36-75、箴言6:20-29,"在客西马尼园，耶稣在十字架的苦杯尚未临到之前，就已经面对那沉重的重担。祂告诉门徒：“总要警醒祷告，免得入了迷惑。”当基督在祷告中挣扎时，祂的门徒却睡着了。

“警醒”意味着在灵里保持清醒，能辨别神在做什么以及仇敌试图做什么。“祷告”则是使我们的心与天父的旨意对齐。这个属灵原则极其强大，能使我们预备好迎接任何来临之事。

在我们自己的客西马尼园，要在基督徒群体中，寻求代祷和扶持。保持清醒，持续祷告。争战往往不是在战场上得胜，而是在安静的园子当我们的心转向神时得胜的。",主耶稣，感谢祢将我安置在这个群体中。教导我分担他人的重担。我渴望鼓励他人。帮助我与周围人忠实地同行中，活出祢的爱。阿们。,/static/images/picture2.jpg,"[{""text"": ""出埃及记 18章"", ""url"": ""https://www.wordproject.org/bibles/gb/02/18.htm""}, {""text"": ""出埃及记 19章"", ""url"": ""https://www.wordproject.org/bibles/gb/02/19.htm""}, {""text"": ""马太福音 26:36-75"", ""url"": ""https://www.wordproject.org/bibles/gb/40/26.htm""}, {""text"": ""箴言 6:20-29"", ""url"": ""https://www.wordproject.org/bibles/gb/20/6.htm""}]"
2026-02-06,连结社群,2月6日：神的诫命，我们的共同根基,出埃及记20-21章、马太福音27:1-31、箴言6:30-35,"神在西奈山赐给摩西的十诫，旨在建立一个以公义与怜悯为基础的社会。在一个日益分裂的世界里，神的话语应成为我们的共同根基。这圣洁的标准使我们连结：全心爱主并正确地彼此相爱。

主的诫命不是重担，而是祝福。它们保护关系，促进公平，并灌输律法与秩序。当我们遵守它们时，我们的社群就在公义与和平中繁荣。今天，写在石版上的律法现已通过基督写在我们心上。

让我们凭祂的话语而活。",天父，感谢祢将我安置在这个信心的家庭中。帮助我遵守祢的诫命。教导我在对待他人时，能够彰显基督的爱。阿们。,/static/images/picture2.jpg,"[{""text"": ""出埃及记 20章"", ""url"": ""https://www.wordproject.org/bibles/gb/02/20.htm""}, {""text"": ""出埃及记 21章"", ""url"": ""https://www.wordproject.org/bibles/gb/02/21.htm""}, {""text"": ""马太福音 27:1-31"", ""url"": ""https://www.wordproject.org/bibles/gb/40/27.htm""}, {""text"": ""箴言 6:30-35"", ""url"": ""https://www.wordproject.org/bibles/gb/20/6.htm""}]"
2026-02-07,连结社群,2月7日：在十字架下，我们成为一家人,出埃及记22-23章、马太福音27:32-66、箴言7:1-5,"在十字架上发生了非凡的事。不仅罪被击败，一个新的家庭也诞生了。我们在一位父神之下连结为儿女，由基督救赎之爱紧密相连。透过基督，隔离的墙垣倒塌了，障碍被打破了。

我们不再因背景、地位或过去的错误而分离。在基督里，我们以信任和爱彼此顺服。神赐给我们彼此一同行走这条信心之路。让我们珍惜祂安置在我们周围的信心家庭。我们有幸成为神永恒家庭的一部分。

欢呼喜乐吧！",主耶稣，感谢祢透过祢的牺牲向我显明十字架的大能。教导我以怜悯和慈爱的心生活。我愿意为别人的好处献上自己。愿我的生命反映祢的良善和爱。阿们。,/static/images/picture2.jpg,"[{""text"": ""出埃及记 22章"", ""url"": ""https://www.wordproject.org/bibles/gb/02/22.htm""}, {""text"": ""出埃及记 23章"", ""url"": ""https://www.wordproject.org/bibles/gb/02/23.htm""}, {""text"": ""马太福音 27:32-66"", ""url"": ""https://www.wordproject.org/bibles/gb/40/27.htm""}, {""text"": ""箴言 7:1-5"", ""url"": ""https://www.wordproject.org/bibles/gb/20/7.htm""}]"
2026-02-08,连结社群,2月8日：大使命；更深连结,出埃及记24-25章、马太福音28章、箴言7:6-12,"大使命的目的既是传扬福音，也是建立福音社群。耶稣教导说，这必须通过门徒训练来实现，让我们学习在各方面跟随基督的道路。在顺服这个呼召时，我们发现信心在共同生活中最能深根。

门徒训练需要关系，一个学习、成长并在信心中同行的旅程。耶稣应许说：""我就常与你们同在，直到世界的末了。""祂的同在将教会跨越世代和国家编织在一起。当信徒在祂的名里联合时，祂的灵建立我们集体的信心。

当我们一同前行时，我们成长得更强壮，走得更远。",主耶稣，教导我将关系集中在祢的同在上，并以忠心活出大使命。愿我的生命帮助将他人吸引进祢的家庭，并建立一个单单扎根于基督的社群。阿们。,/static/images/picture2.jpg,"[{""text"": ""出埃及记 24章"", ""url"": ""https://www.wordproject.org/bibles/gb/02/24.htm""}, {""text"": ""出埃及记 25章"", ""url"": ""https://www.wordproject.org/bibles/gb/02/25.htm""}, {""text"": ""马太福音 28章"", ""url"": ""https://www.wordproject.org/bibles/gb/40/28.htm""}, {""text"": ""箴言 7:6-12"", ""url"": ""https://www.wordproject.org/bibles/gb/20/7.htm""}]"
2026-02-09,连结社群,2月9日：不同部分，同一目的，同一圣灵,出埃及记26-27章、马可福音1:1-20、诗篇20篇,"当神将会幕的设计赐给摩西时，也赐下有关材料、尺寸和颜色的具体指示。令人瞩目的是，整个社群一同工作，按照神所要求的精确规格建造它。

每个人都依赖他人来完成整体。每个人可能有不同的角色，但他们都有相同的目标。神的工作从来不是单打独斗的项目。它是神百姓之间神圣的同工。

祂喜悦使用许多的手、心和才能来成就祂的旨意。虽然不必完全一样，但必须有和谐。我们可能多样，但我们可以为神的荣耀同心跳动。",主耶稣，帮助我珍视弟兄姐妹在基督里各自的角色，知道我们彼此依靠乃是要完成祢的旨意。让我们的多样性成为和谐，我们的恩赐成为敬拜，我们的团队合作为祢的名带来荣耀。阿们。,/static/images/picture2.jpg,"[{""text"": ""出埃及记 26章"", ""url"": ""https://www.wordproject.org/bibles/gb/02/26.htm""}, {""text"": ""出埃及记 27章"", ""url"": ""https://www.wordproject.org/bibles/gb/02/27.htm""}, {""text"": ""马可福音 1:1-20"", ""url"": ""https://www.wordproject.org/bibles/gb/41/1.htm""}, {""text"": ""诗篇 20篇"", ""url"": ""https://www.wordproject.org/bibles/gb/19/20.htm""}]"
2026-02-10,连结社群,2月10日：分别为圣归给祂,出埃及记28章、马可福音1:21-45、诗篇21篇,"神给摩西详细的指示，关乎祭司的圣衣，为圣洁事奉的圣洁衣服。他们要将以色列的名字带在肩上和心上，在神面前代表百姓。神将他们分别为圣。

事奉祂的人必须被分别为圣。分别为了就是时刻意识到我们的生命只属于独一的神。透过基督，我们如今也参与了这祭司的呼召。祂是我们的大祭司，已为我们穿上公义的外袍，并称我们为属祂的子民。

愿我们让祂的灵塑造我们的品格，分别为圣我们的选择，并引导我们的生命活出祂的荣耀。",天父，感谢祢任命属灵领袖来引导并为祢的百姓代求。教导我在祷告中将别人的需要带到祢面前，并以谦卑服事他们。愿我的生命坚固信心的社群，并反映基督的圣洁。阿们。,/static/images/picture2.jpg,"[{""text"": ""出埃及记 28章"", ""url"": ""https://www.wordproject.org/bibles/gb/02/28.htm""}, {""text"": ""马可福音 1:21-45"", ""url"": ""https://www.wordproject.org/bibles/gb/41/1.htm""}, {""text"": ""诗篇 21篇"", ""url"": ""https://www.wordproject.org/bibles/gb/19/21.htm""}]"
2026-02-11,连结社群,2月11日：带人到耶稣面前,出埃及记29-30章、马可福音2章、诗篇22:1-15,"当瘫子的朋友们听说耶稣在城里时，他们竭尽所能把他带到这位医治者面前。房子挤满了人，人群挡住了路，但他们的信心拒绝放弃。他们爬上房顶，拆开它，把他们的朋友缒到耶稣正前方。

这是一幅爱与信心行动的图画！有时，最伟大的怜悯行为，就是把那些自己不能行走的人带到那位能使他们痊愈之主面前。当基督看见他们的信心时，祂不仅医治了那人的残疾，也赦免了他的罪。当我们带人到耶稣面前时，他们不仅得缓解，也得救赎。

我们的祷告、邀请和爱的行动可以为他人开启经历基督拯救恩典的门。",主耶稣，感谢祢是我们身体、心灵和灵魂的医治者。赐给我信心和怜悯，在祷告和行动中将他人带到祢面前，就像瘫子的朋友们所做的那样。愿我对他人的爱，彰显出以信心为根基的真正群体生活。阿们。,/static/images/picture2.jpg,"[{""text"": ""出埃及记 29章"", ""url"": ""https://www.wordproject.org/bibles/gb/02/29.htm""}, {""text"": ""出埃及记 30章"", ""url"": ""https://www.wordproject.org/bibles/gb/02/30.htm""}, {""text"": ""马可福音 2章"", ""url"": ""https://www.wordproject.org/bibles/gb/41/2.htm""}, {""text"": ""诗篇 22:1-15"", ""url"": ""https://www.wordproject.org/bibles/gb/19/22.htm""}]"
2026-02-12,进入命定,2月12日：远离偶像,出埃及记31-32章、马可福音3章、诗篇22:16-31,"当以色列人造金牛犊来敬拜时，他们破坏了社群的合一。在不耐烦中，他们忽视了那位以大能拯救他们的神。偶像模糊我们的视线，淹没神的声音；它们拉我们使我们偏离祂的引导。

如果我们不警醒就有可能去跟随别的神。远离偶像不仅仅是避免雕刻的像。更是守护我们的心，远离与神竞争的现代偶像——金钱、成功、安逸、关系，甚至事奉本身。

任何取代神正当位置的东西都成了虚假的偶像。是否有任何事物占据了你的心？让我们避开这些冒牌货虚假的偶像，转离一切与神争夺主权的替代品。",主耶稣，感谢祢按名呼召我。保守我的心专一，单单定睛于祢。保护我远离偶像和分心之事。帮助我在耶稣基督的主权下顺服而行。阿们。,/static/images/picture3.jpg,"[{""text"": ""出埃及记 31章"", ""url"": ""https://www.wordproject.org/bibles/gb/02/31.htm""}, {""text"": ""出埃及记 32章"", ""url"": ""https://www.wordproject.org/bibles/gb/02/32.htm""}, {""text"": ""马可福音 3章"", ""url"": ""https://www.wordproject.org/bibles/gb/41/3.htm""}, {""text"": ""诗篇 22:16-31"", ""url"": ""https://www.wordproject.org/bibles/gb/19/22.htm""}]"
2026-02-13,进入命定,2月13日：求祢显出祢的荣耀,出埃及记33-34章、马可福音4:1-20、诗篇23-24篇,"当摩西呼喊“求祢显出祢的荣耀”时，他并非要求另一个神迹或祝福。他是在渴慕神自己。在目睹了上帝无数的神迹之后，摩西仍然渴望更多的超自然相遇。他明白真正的满足不在于神为我们做了什么，而在于对我们而言神是谁。

他的请求是一个尝过神同在、已不能没有祂的而活的呼喊。如果我们渴望更多得着神，我们必须邀请祂超越宗教和常规的表面向我们显明祂自己。当我们追求祂的同在时，我们就被改变。在深深认识神的过程中，我们会认识自己真正的目的和呼召。

主啊，求祢向我们显出祢的荣耀！",主耶稣，我的命定唯独在祢里面找到。我的渴望是看见祢的荣耀。洁净我的心，引导我的脚步，使我常在祢旨意的中心。愿祢的同在显明我的使命，并保守我与祢亲密同行。阿们。,/static/images/picture3.jpg,"[{""text"": ""出埃及记 33章"", ""url"": ""https://www.wordproject.org/bibles/gb/02/33.htm""}, {""text"": ""出埃及记 34章"", ""url"": ""https://www.wordproject.org/bibles/gb/02/34.htm""}, {""text"": ""马可福音 4:1-20"", ""url"": ""https://www.wordproject.org/bibles/gb/41/4.htm""}, {""text"": ""诗篇 23篇"", ""url"": ""https://www.wordproject.org/bibles/gb/19/23.htm""}, {""text"": ""诗篇 24篇"", ""url"": ""https://www.wordproject.org/bibles/gb/19/24.htm""}]"
2026-02-14,进入命定,2月14日：注定要发光,出埃及记35-36章、马可福音4:21-41、诗篇25篇,"灯的意义在于是发光。同样地，我们被造为要彰显神的荣耀。神对你有特定的使命，在那里你的光能产生最大的影响。不要出于恐惧或怀疑而隐藏。当神安置你时，要勇敢地踏入其中。

你发出的光量取决于你领受和顺服神话语的程度。没有先被祂的真理充满，你就无法发光。这就是为什么每日住在祂的话语中是至关重要的。当你倾倒神所赐给你的时，祂就使其倍增。

每次你分享你的生命，你就更明亮地发光。每次你行神的旨意，黑暗就消退一点。当你的生命引导他人转向祂时，你的光芒最为闪耀。让我们为神的荣耀照亮周围的人和世界。",天父，感谢祢托付给我的恩赐。帮助我不要隐藏它们，而是为祢的荣耀在服事中倾注出来。愿我反映出祢的光和祢的爱。阿们。,/static/images/picture3.jpg,"[{""text"": ""出埃及记 35章"", ""url"": ""https://www.wordproject.org/bibles/gb/02/35.htm""}, {""text"": ""出埃及记 36章"", ""url"": ""https://www.wordproject.org/bibles/gb/02/36.htm""}, {""text"": ""马可福音 4:21-41"", ""url"": ""https://www.wordproject.org/bibles/gb/41/4.htm""}, {""text"": ""诗篇 25篇"", ""url"": ""https://www.wordproject.org/bibles/gb/19/25.htm""}]"
2026-02-15,进入命定,2月15日：你的过去不定义你的命定,出埃及记37-38章、马可福音5:1-20、诗篇26篇,"耶稣释放了一个被群鬼附身的人，然后差遣他出去宣扬祂的怜悯。同样，上帝常常呼召我们去接触那些和我们曾经一样挣扎的人—破碎、受伤并寻找盼望的人。

你的命定不是由你破碎的过去定义的，而是由神救赎的大能定义的。让祂塑造你、释放你，并用祂的灵充满你。让你的生命见证祂的怜悯。你的过去可能充满破碎，但神带来救赎。

它可能塑造你，但除非你允许，否则它不能限制神能透过你做什么。它对你生命没有最终决定权。基督才有。",天父，感谢祢将我从我的破碎中释放出来。感谢祢在我生命中救赎的工作。用祢的灵充满我。我渴望行在祢为我预备的命定中。阿们。,/static/images/picture3.jpg,"[{""text"": ""出埃及记 37章"", ""url"": ""https://www.wordproject.org/bibles/gb/02/37.htm""}, {""text"": ""出埃及记 38章"", ""url"": ""https://www.wordproject.org/bibles/gb/02/38.htm""}, {""text"": ""马可福音 5:1-20"", ""url"": ""https://www.wordproject.org/bibles/gb/41/5.htm""}, {""text"": ""诗篇 26篇"", ""url"": ""https://www.wordproject.org/bibles/gb/19/26.htm""}]"
2026-02-16,进入命定,2月16日：彰显神的荣耀,出埃及记39-40章、马可福音5:21-43、箴言7:13-21,"会幕完工了，神的荣耀充满其中。当神的同在临到祂呼召我们建造和所做的事上时，神的荣耀就显明了。正如会幕是圣灵的殿，你也是。你渴望彰显神的荣耀吗？工匠和祭司以细心、技巧和敬畏的心工作，因为会幕是奉献给神的。

没有什么是随意的；一切都是分别为圣的。当我们以卓越和纯洁的心生活时，我们就反映了我们所代表之神的尊贵。顺服邀请神的荣耀。当我们按祂的真理生活并跟随祂的道路时，我们的生命就成为祂居住的所在。

当我们停止为自己而活时，我们最能彰显神的荣耀。",天父，感谢祢选择借着祢的灵住在我里面。正如祢的荣耀充满会幕，当我完全降服于祢时，求祢充满我的生命。让我所建造和所做的一切都彰显祢的荣耀。阿们。,/static/images/picture3.jpg,"[{""text"": ""出埃及记 39章"", ""url"": ""https://www.wordproject.org/bibles/gb/02/39.htm""}, {""text"": ""出埃及记 40章"", ""url"": ""https://www.wordproject.org/bibles/gb/02/40.htm""}, {""text"": ""马可福音 5:21-43"", ""url"": ""https://www.wordproject.org/bibles/gb/41/5.htm""}, {""text"": ""箴言 7:13-21"", ""url"": ""https://www.wordproject.org/bibles/gb/20/7.htm""}]"
2026-02-17,进入命定,2月17日：献上你最好的,利未记1-2章、马可福音6:1-29、箴言7:22-27,"神赐给以色列人献祭的指示，象征奉献、感恩和降服。每一个燔祭、素祭和敬拜行动，都是将他们最好的献给神的具体表达。燔祭完全被火焚烧，代表完全的奉献。正如以色列人将他们初熟和最好的带给神，我们也被呼召将我们的生命作为活祭献上。

我们现代的祭物不是公牛或谷物，而是我们的时间、精力、恩赐和顺服。每一个忠心的行动，每一个安静的降服，每一个服事的时刻，都是在神面前馨香的祭物。当我们把我们的所有献给祂时，我们邀请祂的火来洁净并转化我们。

祭坛不是失去的地方，而是更新的地方，在那里降服变成力量。",天父，感谢祢指引我的道路。将让我的生命作为奉献和感恩的祭物。帮助我将最好的献给祢。阿们。,/static/images/picture3.jpg,"[{""text"": ""利未记 1章"", ""url"": ""https://www.wordproject.org/bibles/gb/03/1.htm""}, {""text"": ""利未记 2章"", ""url"": ""https://www.wordproject.org/bibles/gb/03/2.htm""}, {""text"": ""马可福音 6:1-29"", ""url"": ""https://www.wordproject.org/bibles/gb/41/6.htm""}, {""text"": ""箴言 7:22-27"", ""url"": ""https://www.wordproject.org/bibles/gb/20/7.htm""}]"
2026-02-18,进入命定,2月18日：在你手中为小，在祂手中为大,利未记3-4章、马可福音6:30-56、箴言8:1-9,"当一个小男孩将他的五饼二鱼献给耶稣时，面对饥饿的群众，这似乎微不足道。然而那信心的微小举动成了神迹的种子。在人眼中看为小的，在救主手中变得强大。这个故事提醒我们，神不受我们缺乏的限制。

当我们把所拥有的完全交在祂手中时，祂喜悦使用它。那男孩没有多少，但他献上了他的所有。同样，我们的恩赐、时间或才能与周围的需要相比可能显得渺小，但神使我们交托的东西倍增。

当我们释放我们紧抓的东西；我们的计划、财产或能力时，神就将我们的""不够""变成""绰绰有余""。",天父，感谢祢，一切的丰盛和供应都从祢而来。求祢教导我用有限的所有信靠祢。求祢接纳我所献上的，用祢的大能使其倍增，并使用它来为祢的国度祝福多人。阿们。,/static/images/picture3.jpg,"[{""text"": ""利未记 3章"", ""url"": ""https://www.wordproject.org/bibles/gb/03/3.htm""}, {""text"": ""利未记 4章"", ""url"": ""https://www.wordproject.org/bibles/gb/03/4.htm""}, {""text"": ""马可福音 6:30-56"", ""url"": ""https://www.wordproject.org/bibles/gb/41/6.htm""}, {""text"": ""箴言 8:1-9"", ""url"": ""https://www.wordproject.org/bibles/gb/20/8.htm""}]"
2026-02-19,成为祝福,2月19日：弥补过错,利未记5-6章、马可福音7章、箴言8:10-18,"有时，我们能收到的最伟大祝福之一，就是那些伤害我们的人承担责任并寻求弥补过错。上帝教导祂的百姓，罪不是可以忽视或隐藏的东西；它必须被承认。无论是说谎、隐瞒真相，还是造成伤害，神都要求认罪。

但单单认罪还不够。接下来需要发生的是补偿。在我们的处境中，如果我们说了不实的话，我们应该纠正它并向受影响的人道歉。如果我们对某人造成了经济损失，我们必须公平地补偿那个人。弥补过错很重要，因为它尊荣神并修复关系。

今天，祈求神带来恢复，弥补我们所犯的任何过错。",主耶稣，赐我勇气行在正直中。帮助我不仅寻求祢的饶恕，也寻求与他人和好，使我的生命反映祢的恩典并成为祝福。阿们。,/static/images/picture4.jpg,"[{""text"": ""利未记 5章"", ""url"": ""https://www.wordproject.org/bibles/gb/03/5.htm""}, {""text"": ""利未记 6章"", ""url"": ""https://www.wordproject.org/bibles/gb/03/6.htm""}, {""text"": ""马可福音 7章"", ""url"": ""https://www.wordproject.org/bibles/gb/41/7.htm""}, {""text"": ""箴言 8:10-18"", ""url"": ""https://www.wordproject.org/bibles/gb/20/8.htm""}]"
2026-02-20,成为祝福,2月20日：成为某人祷告的祝福,利未记7章、马可福音8章、箴言8:19-26,"耶稣喂饱四千人，医治瞎子，并教导关于背起十字架。观看基督的生平真的让人激动不已。尽管祂经常服事人群，祂仍然不断地给予。祂深切的怜悯和服事的意愿是每个信心社群的基石。

成为祝福不在于我们拥有多少，而在于我们服事的意愿。如果我们以敞开的心和敞开的手生活，我们就会注意到饥饿者、受伤者和被遗忘的人。你是否意识到，我们的许多祷告是由神差遣给我们的人得着回应的？同样，我们也可以成为某人祷告的祝福。

今天，环顾四周，开始去满足那些神引导你去帮助之人的需要。",主耶稣，帮助我用祢的眼光看见我周围的需要。接纳我所拥有的，在祢手中使其倍增，使我今天成为某人祷告的答案。阿们。,/static/images/picture4.jpg,"[{""text"": ""利未记 7章"", ""url"": ""https://www.wordproject.org/bibles/gb/03/7.htm""}, {""text"": ""马可福音 8章"", ""url"": ""https://www.wordproject.org/bibles/gb/41/8.htm""}, {""text"": ""箴言 8:19-26"", ""url"": ""https://www.wordproject.org/bibles/gb/20/8.htm""}]"
2026-02-21,成为祝福,2月21日：祂同在的承载者,利未记8-9章、马可福音9:1-29、箴言8:27-36,"在耶稣变相的山上，彼得、雅各和约翰目睹了非凡的事。他们看见耶稣的面貌明亮如日头。在短暂的时刻，天触摸了地，神的荣耀在基督的位格中彰显出来。

彼得想要搭棚住在那个圣洁时刻，但耶稣带领他们下山。信息很清楚：与神相遇的目的不是要被局限在山顶的经历中，而是要使我们成为山下谷中承载祂同在的人。我们是否让圣灵为此改变我们？

如果我们愿意，我们所到的每个地方，都能成为所遇之人的祝福管道！",主耶稣，感谢祢显明祢的威严。帮助我回应周围的需要，使用我的生命作为祝福他人的器皿。阿们。,/static/images/picture4.jpg,"[{""text"": ""利未记 8章"", ""url"": ""https://www.wordproject.org/bibles/gb/03/8.htm""}, {""text"": ""利未记 9章"", ""url"": ""https://www.wordproject.org/bibles/gb/03/9.htm""}, {""text"": ""马可福音 9:1-29"", ""url"": ""https://www.wordproject.org/bibles/gb/41/9.htm""}, {""text"": ""箴言 8:27-36"", ""url"": ""https://www.wordproject.org/bibles/gb/20/8.htm""}]"
2026-02-22,成为祝福,2月22日：末位，神的首位,利未记10-11章、马可福音9:30-50、箴言9:1-6,"当门徒忙着争论谁最为大时，耶稣以一个完全不同的标准让他们惊讶：“若有人愿意作首先的，他必作众人末后的，作众人的用人。”在世人眼中，伟大在于地位和权力，但在神眼中，伟大在于谦卑和服事。

耶稣不仅教导这个，祂也活出来。祂跪下洗脚，医治病人，并最终舍命。神不被我们爬多高所打动，而是被我们愿意俯身服事他人多低所打动。这就是为什么基督教信仰的最高象征不是冠冕，而是十字架。

今天，让我们立志喜乐地背起我们的十字架，知道有一天我们将领受我们的冠冕！",主耶稣，感谢祢向我显明真正的伟大是在谦卑和服事他人。除去我里面任何阻碍别人看见祢的东西。我愿天天背起我的十字架来跟从祢。阿们。,/static/images/picture4.jpg,"[{""text"": ""利未记 10章"", ""url"": ""https://www.wordproject.org/bibles/gb/03/10.htm""}, {""text"": ""利未记 11章"", ""url"": ""https://www.wordproject.org/bibles/gb/03/11.htm""}, {""text"": ""马可福音 9:30-50"", ""url"": ""https://www.wordproject.org/bibles/gb/41/9.htm""}, {""text"": ""箴言 9:1-6"", ""url"": ""https://www.wordproject.org/bibles/gb/20/9.htm""}]"
2026-02-23,成为祝福,2月23日：你所给的没有一样是徒然的,利未记12-13章、马可福音10:1-31、诗篇27篇,"彼得提醒耶稣:“看哪，我们已经撇下所有的跟从祢了。”耶稣回应了一个有力的应许，那些为祂牺牲的人将领受比他们所舍弃更大的祝福。

神是我们所给祂的每一个祝福的完美管家。祂会使用我们所给的时间和资源结出果子。即使别人看不见我们的忠心，神看见了。最终，我们的天父是非常慷慨的。祂给回我们的比我们能给祂的更多。

当我们为耶稣而活时，我们所给的一切都成为永恒的一部分。",主耶稣，感谢祢的应许，为祢的缘故所做的每一份爱与牺牲，在天上都被记念。教导我无私地给予，不是为了奖赏，而是为了祢的荣耀。用喜乐坚固我的心去祝福他人。阿们。,/static/images/picture4.jpg,"[{""text"": ""利未记 12章"", ""url"": ""https://www.wordproject.org/bibles/gb/03/12.htm""}, {""text"": ""利未记 13章"", ""url"": ""https://www.wordproject.org/bibles/gb/03/13.htm""}, {""text"": ""马可福音 10:1-31"", ""url"": ""https://www.wordproject.org/bibles/gb/41/10.htm""}, {""text"": ""诗篇 27篇"", ""url"": ""https://www.wordproject.org/bibles/gb/19/27.htm""}]"
2026-02-24,成为祝福,2月24日：在服事中成就伟大,利未记14章、马可福音10:32-52、诗篇28篇,"我们大多数人都渴望成就伟大。但世界寻求伟大的方式往往是自私的。耶稣关于伟大的教导逆转了野心的秩序。真正的伟大在于你服事人的忠心程度。当我们在教会中服事神时，我们就是行在耶稣自己的脚踪中。

我们可能在幕后服事或担任次要角色，但每一个出于爱的服事行动都是重要的。神眼中的伟大既不是自我宣扬，也不是平台大小，也不是能见度高低。它关乎高举基督。它关乎行在坚定持守中。

你服事是为了让自己被认识，还是让基督被认识？",主耶稣，感谢祢向我显明真正的伟大是在服事中找到的。教导我效法祢的榜样，使用我的手、我的时间和我的心去祝福他人并建立祢的国度。阿们。,/static/images/picture4.jpg,"[{""text"": ""利未记 14章"", ""url"": ""https://www.wordproject.org/bibles/gb/03/14.htm""}, {""text"": ""马可福音 10:32-52"", ""url"": ""https://www.wordproject.org/bibles/gb/41/10.htm""}, {""text"": ""诗篇 28篇"", ""url"": ""https://www.wordproject.org/bibles/gb/19/28.htm""}]"
2026-02-25,成为祝福,2月25日：祂名里的祝福,利未记15-16章、马可福音11章、诗篇29篇,"当耶稣进入耶路撒冷时，人群把衣服和棕树枝铺在路上，喊着：“和散那！奉主名来的是应当称颂的！”不久之后，耶稣进入圣殿施行洁净，赶出那些将敬拜变成盈利事业的人。在此，我们看到那赐福的主也是圣洁的。

祂除去任何阻碍神同在的东西，并恢复祂的殿作为祷告的殿。同样，当我们欢迎耶稣进入我们的心时，祂会驱除自私的动机和骄傲，使祂的祝福能自由地在我们里面流动。想象一下，当我们邀请基督进入我们的家庭、学校、企业甚至我们的城市时，祂将倾倒多少的祝福给我们！

让我们无论在哪里、无论做什么都宣扬耶稣。",主耶稣，我们欢迎祢作王。愿我们的生命无论往哪里去都宣扬祢的救恩，好叫别人可以认识在祢里面最大的祝福。阿们。,/static/images/picture4.jpg,"[{""text"": ""利未记 15章"", ""url"": ""https://www.wordproject.org/bibles/gb/03/15.htm""}, {""text"": ""利未记 16章"", ""url"": ""https://www.wordproject.org/bibles/gb/03/16.htm""}, {""text"": ""马可福音 11章"", ""url"": ""https://www.wordproject.org/bibles/gb/41/11.htm""}, {""text"": ""诗篇 29篇"", ""url"": ""https://www.wordproject.org/bibles/gb/19/29.htm""}]"
2026-02-26,全心爱主,2月26日：在祂的权柄之下,利未记17-18章、马可福音12:1-27、诗篇30篇,"园户的比喻教导我们顺服摆在我们面前的权柄的重要性。这个圣经原则进一步被基督标志性的声明强调：“凯撒的物当归给凯撒，神的物当归给神。”我们的主是在强调顺服我们之上者的原则。

这是一个困难的功课。许多人想要神的祝福，但很少有人愿意顺服祂所指定的权柄。按神的标准，我们被期望顺服我们的上级，除非他们要求我们犯罪。我们必须得安慰，即使人的权柄失败，神仍然在掌控中。谦卑自己是一个信心的考验。

愿我们立志顺服主安置在我们之上的人！",主耶稣，祢是真正的君王和终极的权柄。教导我以谦卑顺服，以信靠听从，并尊荣祢安置在我之上的人。帮助我以情愿的心跟随祢的秩序，知道祢在掌管中。阿们。,/static/images/picture1.jpg,"[{""text"": ""利未记 17章"", ""url"": ""https://www.wordproject.org/bibles/gb/03/17.htm""}, {""text"": ""利未记 18章"", ""url"": ""https://www.wordproject.org/bibles/gb/03/18.htm""}, {""text"": ""马可福音 12:1-27"", ""url"": ""https://www.wordproject.org/bibles/gb/41/12.htm""}, {""text"": ""诗篇 30篇"", ""url"": ""https://www.wordproject.org/bibles/gb/19/30.htm""}]"
2026-02-27,全心爱主,2月27日：小礼物，大心意,利未记19-20章、马可福音12:28-44、诗篇31篇,"耶稣教导说，最大的诫命是尽心、尽性、尽意、尽力全心爱主你的神。后来，当祂坐在圣殿的银库旁边时，祂观看人们奉献。许多人投了大量的钱，但一个穷寡妇来投了两个小钱。在基督眼中，她比所有人投得更多，因为她投上了她一切养生的。

她的行动不是按金额衡量，而是按爱心。真正的敬拜从来不是在于礼物的大小，而是在于给予者的真诚。寡妇的奉献揭示了神最看重的奉献种类—牺牲的、谦卑的、全心的。每一个慷慨的小行动，每一个安静的祷告，每一个出于爱而不被注意的恩慈，都感动神的心。

在人眼中看为小的，在祂的国里可能承载永恒的重量。",主耶稣，教导我以乐意和感恩的心给予。帮助我看见，当奉献出于爱时，没有祭物是太小的。愿我的生命反映慷慨、谦卑和信心，在各方面尊荣祢。阿们。,/static/images/picture1.jpg,"[{""text"": ""利未记 19章"", ""url"": ""https://www.wordproject.org/bibles/gb/03/19.htm""}, {""text"": ""利未记 20章"", ""url"": ""https://www.wordproject.org/bibles/gb/03/20.htm""}, {""text"": ""马可福音 12:28-44"", ""url"": ""https://www.wordproject.org/bibles/gb/41/12.htm""}, {""text"": ""诗篇 31篇"", ""url"": ""https://www.wordproject.org/bibles/gb/19/31.htm""}]"
2026-02-28,全心爱主,2月28日：忠心到底,利未记21-22章、马可福音13章、诗篇32篇,"耶稣告诉祂的门徒，末世将以动荡、欺骗和逼迫。祂没有承诺轻松的旅程。相反，祂发出了忍耐的呼召：“惟有忍耐到底的，必然得救。”基督也警告许多人会被假兆头和衰减逐渐消逝的盼望分心。忠心是爱的证明。

世界可能震动，国度可能倾覆，人心可能冷淡，但那些紧紧抓住基督的人仍然坚定不移。如果我们渴望对神忠心到底，我们必须定睛于祂并在我们的信心中坚持不懈。我们的主向我们保证，那些持守到底的人将看见祂的荣耀显现。我们的忍耐不是靠我们自己的力量，而是靠祂在我们里面运行的灵。

每一天的忠心，无论多么微小，都是更接近听到祂说：“好，你这又良善又忠心的仆人”的一步。",主耶稣，帮助我保持警醒和忠心，在每一个季节信靠祢。坚固我的心去忍耐，并保守我的眼目定睛于祢，直到祢再来的日子。阿们。,/static/images/picture1.jpg,"[{""text"": ""利未记 21章"", ""url"": ""https://www.wordproject.org/bibles/gb/03/21.htm""}, {""text"": ""利未记 22章"", ""url"": ""https://www.wordproject.org/bibles/gb/03/22.htm""}, {""text"": ""马可福音 13章"", ""url"": ""https://www.wordproject.org/bibles/gb/41/13.htm""}, {""text"": ""诗篇 32篇"", ""url"": ""https://www.wordproject.org/bibles/gb/19/32.htm""}]"
2026-03-01,全心爱主,3月1日：将爱倾注在祂身上,利未记23-24章、马可福音14:1-31、诗篇33篇,"那位妇人打破玉瓶，将极贵的香膏浇在耶稣身上，这不仅是慷慨的举动，更是一种敬拜。香气弥漫全屋，而更深远的是她爱与奉献的馨香之气。旁人责备她浪费，但耶稣称赞那是美事。

祂看见别人看不见的—她奉献背后的心。她的行动与犹大的出卖、彼得即将的否认形成鲜明对比。当他人退缩、犹豫，她却毫无保留地付出一切。真正的敬拜，在世人眼中也许显得奢华，却在神眼中极为珍贵。

不要让他人的眼光阻碍你全心爱主。当我们将爱倾注在耶稣身上，生命就散发出祂同在的香气。让我们把全部的情感与敬爱，倾注给那位为我们舍命的主。",天父，求祢教导我全心全意地爱祢。愿我的时间、赞美、奉献与忠诚，都如馨香的祭，倾倒在祢脚前。阿们。,/static/images/picture1.jpg,"[{""text"": ""利未记 23章"", ""url"": ""https://www.wordproject.org/bibles/gb/03/23.htm""}, {""text"": ""利未记 24章"", ""url"": ""https://www.wordproject.org/bibles/gb/03/24.htm""}, {""text"": ""马可福音 14:1-31"", ""url"": ""https://www.wordproject.org/bibles/gb/41/14.htm""}, {""text"": ""诗篇 33篇"", ""url"": ""https://www.wordproject.org/bibles/gb/19/33.htm""}]"
2026-03-02,全心爱主,3月2日：不要照我的意思，只要照祢的旨意,利未记25章、马可福音14:32-72、箴言9:7-12,"在客西马尼园，耶稣以祂的祷告彰显出对父神至深的爱：“不要照我的意思，只要照祢的意思行。”祂完美的爱在完全的顺服与不动摇的信心中得以显明，即便前方是十字架的苦难。

与此同时，门徒睡着了；犹大出卖祂；彼得否认祂。这些失败反映出人心共同的挣扎，我们渴望跟随神，却常在代价太高时退缩。真正的爱神，就是在困难与代价中仍然顺服祂的旨意。

神的道路未必容易，却永远良善。",天父，求祢使我能与耶稣同心说：“不要照我的意思，只要照祢的意思行。”当顺服显得艰难时，赐我力量与坚定的信心。教我爱祢胜过一切，相信祢的旨意总是最美好的。阿们。,/static/images/picture1.jpg,"[{""text"": ""利未记 25章"", ""url"": ""https://www.wordproject.org/bibles/gb/03/25.htm""}, {""text"": ""马可福音 14:32-72"", ""url"": ""https://www.wordproject.org/bibles/gb/41/14.htm""}, {""text"": ""箴言 9:7-12"", ""url"": ""https://www.wordproject.org/bibles/gb/20/9.htm""}]"
2026-03-03,全心爱主,3月3日：当爱需要付出一切,利未记26章、马可福音15:1-20、箴言9:13-18,"耶稣被定罪、被戏弄、被鞭打，祂因着顺服天父的旨意，忍受了一切。在受审者面前祂沉默无声；每一道鞭痕、每一句辱骂、每一个伤口，都见证祂对我们的深情与不变的爱。

这份爱，代价是祂的生命。祂走上十字架，为我们的罪付上赎价。我们之所以爱祂，正因为“祂先爱我们”。神对我们生命的呼召，是全然的爱与顺服。有时，放下生命中的某些事并不容易；但那一刻，请记得—祂已为我们付出一切。若祂毫无保留，我们又怎能吝惜自己？

你愿意把生命完全交给耶稣吗？",主耶稣，感谢祢为我忍受十字架的痛苦。求祢教导我以甘心顺服的心来跟随祢。当道路艰难时，提醒我祢那永不改变的爱。我的心专注于祢。阿们。,/static/images/picture1.jpg,"[{""text"": ""利未记 26章"", ""url"": ""https://www.wordproject.org/bibles/gb/03/26.htm""}, {""text"": ""马可福音 15:1-20"", ""url"": ""https://www.wordproject.org/bibles/gb/41/15.htm""}, {""text"": ""箴言 9:13-18"", ""url"": ""https://www.wordproject.org/bibles/gb/20/9.htm""}]"
2026-03-04,全心爱主,3月4日：以奉献为敬拜,利未记27章、马可福音15:21-47、箴言10:1-5,"十一奉献不仅是金钱的行动，更是敬拜的表达。将所得的十分之一归还给神，是在宣告祂在我们生命中居首位。这奉献是圣洁的，因为它是为尊荣赐予者，而非礼物本身。

奉献不是交易，而是见证。我们不应纠结该奉献多少，而应问自己：“我是否在奉献？我是否把最好的献给上帝，还是仅献上剩余？”真正的敬拜总伴随代价。我们奉献，不是因为神需要我们的资源，而是我们要牢记这一切都是源于祂。

让奉献成为敬拜的行动，而非出于勉强的义务。",天父，感谢祢是一切美好事物的源头。教导我以爱与敬拜的心奉献。当我将十分之一带到祢面前时，也愿我的心一同献上。愿我的奉献荣耀祢的名。阿们。,/static/images/picture1.jpg,"[{""text"": ""利未记 27章"", ""url"": ""https://www.wordproject.org/bibles/gb/03/27.htm""}, {""text"": ""马可福音 15:21-47"", ""url"": ""https://www.wordproject.org/bibles/gb/41/15.htm""}, {""text"": ""箴言 10:1-5"", ""url"": ""https://www.wordproject.org/bibles/gb/20/10.htm""}]"
2026-03-05,连结社群,3月5日：传福音是每个人的呼召,民数记1章、马可福音16章、箴言10:6-10,"耶稣从死里复活，证明祂所说的一切都是真实的。若基督没有复活，福音就不是“好消息”；但因我们的救主活着，我们就有喜乐去向人传扬十字架的信息。传福音不是少数人的任务，而是每一位信徒的神圣呼召。

那使耶稣从死里复活的能力，如今也在我们里面，使我们有能力去分享祂的生命信息。传福音不在于口才或技巧，而在于愿意。主说“去吧”的呼召不是负担，而是荣耀的邀请，与复活的君王一同参与祂的救赎计划。

每个信徒都是使者；每一次爱的行动，都是福音在行动；每个见证，都是他人遇见基督的桥梁。",主耶稣，感谢祢把福音的使命托付给我。求祢以勇气与信心充满我，使我无论走到哪里，都能分享祢的爱。使用我的生命、言语与行为，引人归向祢，使世人都知道祢已复活、祢仍活着。阿们。,/static/images/picture2.jpg,"[{""text"": ""民数记 1章"", ""url"": ""https://www.wordproject.org/bibles/gb/04/1.htm""}, {""text"": ""马可福音 16章"", ""url"": ""https://www.wordproject.org/bibles/gb/41/16.htm""}, {""text"": ""箴言 10:6-10"", ""url"": ""https://www.wordproject.org/bibles/gb/20/10.htm""}]"
2026-03-06,连结社群,3月6日：分享神的应许,民数记2章、路加福音1:1-25、箴言10:11-15,"天使向撒迦利亚和以利沙伯显现，宣告他们将得着一位盼望已久的儿子，但这恩典并非只为他们个人。施洗约翰的出生，承载着超越家庭的使命，为弥赛亚预备道路。

神的应许从不只是给个人储藏，而是要溢流出去祝福他人。神在我们身上成就的事，常是祂要借此祝福周围人的方式；祂在我们里面成就的事，也是在为他人的信心铺路。不要把你的故事藏起来，要分享出去。

每一次祷告蒙应允、每一次突破、每一句成就的应许，都是邀请，让他人认识那位守约施慈爱的神。",天父，感谢祢的应许大过我的疑惑，也远超过我的需要。教导我不只为自己领受祝福，更愿与人分享，使更多人因我而更亲近祢。阿们。,/static/images/picture2.jpg,"[{""text"": ""民数记 2章"", ""url"": ""https://www.wordproject.org/bibles/gb/04/2.htm""}, {""text"": ""路加福音 1:1-25"", ""url"": ""https://www.wordproject.org/bibles/gb/42/1.htm""}, {""text"": ""箴言 10:11-15"", ""url"": ""https://www.wordproject.org/bibles/gb/20/10.htm""}]"
2026-03-07,连结社群,3月7日：言语塑造关系,民数记3章、路加福音1:26-56、箴言10:16-20,"我们的言语，拥有塑造关系品质的力量。义人活出使人得生命的样式，他们的言语成为神和平、信任与爱的器皿。这个世界的言语往往轻率、刻薄，但神呼召祂的子民说出有目的、有怜悯的话。

每一次对话都能建造或拆毁、医治或伤害。智慧在于知道何时该说、何时该静默。当我们开口时，我们的言语应当反映主的心。智慧地说话，就是善于去爱。

让我们谨慎所言，以神的恩典调和我们的话语，让圣灵掌管我们的舌头，使我们在每个处境中都能说出生命之言。",天父，教导我使用言语去建造、而非拆毁祢所赐的宝贵关系。若我曾造成任何伤害，求祢医治，并让我的言语在每一段关系中都能彰显祢的心意。阿们。,/static/images/picture2.jpg,"[{""text"": ""民数记 3章"", ""url"": ""https://www.wordproject.org/bibles/gb/04/3.htm""}, {""text"": ""路加福音 1:26-56"", ""url"": ""https://www.wordproject.org/bibles/gb/42/1.htm""}, {""text"": ""箴言 10:16-20"", ""url"": ""https://www.wordproject.org/bibles/gb/20/10.htm""}]"
2026-03-08,连结社群,3月8日：每个角色都重要,民数记4章、路加福音1:57-80、箴言10:21-25,"当神为利未人分派特定职责时，每个人都在敬拜与事奉中贡献自己的部分。这提醒我们，在神的国度里，没有任何工作微不足道，也没有任何呼召是不重要的。在基督的身体里，每一个角色都至关重要，因为我们共同将祂的同在带入世界。无论是带领、教导、鼓励或代祷，每个人的份都是神更大旨意中不可或缺的一环。

当每个人都以谦卑和卓越完成自己的职责，神的同在就要大大运行在祂的子民中。今天，就让我们喜乐地事奉，因为我们的每一份付出，都在坚固基督的身体。",主耶稣，感谢祢赐下各样恩赐与岗位，使我们在群体中各尽其职。帮助我忠心服事、鼓励他人，在所做的一切中尊荣祢，好让我们合一地向世人彰显祢的爱。阿们。,/static/images/picture2.jpg,"[{""text"": ""民数记 4章"", ""url"": ""https://www.wordproject.org/bibles/gb/04/4.htm""}, {""text"": ""路加福音 1:57-80"", ""url"": ""https://www.wordproject.org/bibles/gb/42/1.htm""}, {""text"": ""箴言 10:21-25"", ""url"": ""https://www.wordproject.org/bibles/gb/20/10.htm""}]"
2026-03-09,连结社群,3月9日：耶稣，终极的桥梁,民数记5-6章、路加福音2:1-21、诗篇34篇,"耶稣的诞生，是人类历史的转折点。祂成为我们与神之间的关键连结，是那座让我们得以与天父相交的桥梁。从祂卑微的马槽，到祂服事贫穷与被弃的人，耶稣所做的一切都彰显神渴望亲近我们的心。

因着基督，我们不仅与神相连，也彼此相连。我们因耶稣得以与神和好，如哥林多后书5:18所言，我们也被赐下“劝人与神和好的职分”。就像我们的主一样，我们也能成为“桥梁”，帮助他人恢复与神的关系。

今天，就从邀请朋友来教会或小组开始吧！",主耶稣，感谢祢成为通向阿爸父的桥梁。因着祢，我也能成为他人与祢之间的桥梁。求祢引导我，使我能带领他人认识祢、经历祢的爱。阿们。,/static/images/picture2.jpg,"[{""text"": ""民数记 5章"", ""url"": ""https://www.wordproject.org/bibles/gb/04/5.htm""}, {""text"": ""民数记 6章"", ""url"": ""https://www.wordproject.org/bibles/gb/04/6.htm""}, {""text"": ""路加福音 2:1-21"", ""url"": ""https://www.wordproject.org/bibles/gb/42/2.htm""}, {""text"": ""诗篇 34篇"", ""url"": ""https://www.wordproject.org/bibles/gb/19/34.htm""}]"
2026-03-10,连结社群,3月10日：将每个孩子献给主,民数记7章、路加福音2:22-52、诗篇35:1-14,"马利亚和约瑟遵照律法，把耶稣带到圣殿献给神。虽然祂是神的儿子，但祂的父母仍以顺服的心将祂奉献给神。这也是我们在教会中为孩子行奉献礼的意义，因为每个孩子首先都属于神。

我们共同宣告：“主啊，这孩子是属祢的，我们愿照祢的方式养育他。”在圣殿中，西面与亚拿为耶稣祝福，并说出先知性的应许。当孩子被持续带入尊荣神、聆听神声音的环境时，他们最能健康成长。

父母与领袖要常常为他们说生命的话，引导他们与神相遇。",主耶稣，感谢祢把孩子托付给我们。我们将他们再次交在祢手中，承认他们首先属于祢。引导我们在祢的同在中养育他们，为他们说出生命的话，并使他们行在祢的旨意中。愿他们一生荣耀祢的名。阿们。,/static/images/picture2.jpg,"[{""text"": ""民数记 7章"", ""url"": ""https://www.wordproject.org/bibles/gb/04/7.htm""}, {""text"": ""路加福音 2:22-52"", ""url"": ""https://www.wordproject.org/bibles/gb/42/2.htm""}, {""text"": ""诗篇 35:1-14"", ""url"": ""https://www.wordproject.org/bibles/gb/19/35.htm""}]"
2026-03-11,连结社群,3月11日：你属于这里,民数记8-9章、路加福音3:1-20、诗篇35:15-28,"利未人被分别为圣，奉献出来在会幕中服事。他们不仅是“来参加”的人，更是承担责任、带领百姓亲近神的人。教会不只是一个“单纯出席聚会的地方”，而是一个“彼此归属的群体”。以色列人只有在神同在的云彩移动时才前行。

若云彩停留，他们也停下。云彩若升起，他们就跟随。他们学会了作为一个民族一同行动，而不是各行其是、随己意而行。同样地，成为教会的一分子，我们要学习合一同行、共同跟随神的带领。

我们真有福，能成为一个属神的大家庭！无论你参与哪个事工或服事，我们都是神家中的一员。让我们一同聚集、敬拜、祷告，并彼此扶持。",主耶稣，感谢祢拣选我们一同服事，并邀请所有人来敬拜祢。教导我在自己的岗位上成长，并为他人预留空间。我相信祢正在建立一个坚固、合一、满有爱心的群体，彰显祢的荣耀。阿们。,/static/images/picture2.jpg,"[{""text"": ""民数记 8章"", ""url"": ""https://www.wordproject.org/bibles/gb/04/8.htm""}, {""text"": ""民数记 9章"", ""url"": ""https://www.wordproject.org/bibles/gb/04/9.htm""}, {""text"": ""路加福音 3:1-20"", ""url"": ""https://www.wordproject.org/bibles/gb/42/3.htm""}, {""text"": ""诗篇 35:15-28"", ""url"": ""https://www.wordproject.org/bibles/gb/19/35.htm""}]"
2026-03-12,进入命定,3月12日：你是更大故事的一部分,民数记10-11章、路加福音3:21-38、诗篇36篇,"号角一响，每个支派都知道自己的位置，每个家族明白自己的角色，所有人都按神的引导前行。然而，困难与急躁使以色列人忘了神正在编写他们的故事。主原本要塑造他们，使他们成为承载神同在进入新地的子民；但他们只关注眼前的需要。

今天，我们也容易忘记，自己的生命其实是更大计划的一部分。永远不要忘记，神正带领你走向祂的应许之路。你是一个神圣故事中的一部分，一个从你未出生前就已展开、并将持续到永恒的故事。

信靠神的带领，顺服祂的计划吧。",天父，当我被自己的需要占据时，求祢提升我的眼光，让我看见祢更宏大的作为。将我的人生编织进祢永恒的故事，使我的旅程荣耀祢的名。阿们。,/static/images/picture3.jpg,"[{""text"": ""民数记 10章"", ""url"": ""https://www.wordproject.org/bibles/gb/04/10.htm""}, {""text"": ""民数记 11章"", ""url"": ""https://www.wordproject.org/bibles/gb/04/11.htm""}, {""text"": ""路加福音 3:21-38"", ""url"": ""https://www.wordproject.org/bibles/gb/42/3.htm""}, {""text"": ""诗篇 36篇"", ""url"": ""https://www.wordproject.org/bibles/gb/19/36.htm""}]"
2026-03-13,进入命定,3月13日：惧怕分裂，信心联合,民数记12-13章、路加福音4:1-30、诗篇37:1-20,"米利暗和亚伦反对摩西，但神亲自为祂所拣选的仆人辩护。后来，十二个探子被差派窥探应许之地。十人带回恐惧，搅乱民心；唯有迦勒与约书亚持守信心，使那些信的人得以合一。

惧怕使人分裂，削弱异象，破坏群体，使我们看不见神的能力。信心却能联合，坚固勇气，激发盼望，使神的百姓一同前行。若要领受神为我们预备的计划，我们必须止息惧怕，信靠祂的应许，并在他人怀疑时仍坚定站立。

你是否愿意选择信心胜过惧怕，合一胜过分裂，顺服胜过意见？",主耶稣，求祢保守我的心与口，使我常说出信心与鼓励的话。赐我迦勒与约书亚那样的勇气，坚定站在祢的话语上。求祢赐能力，使我能建立群体、坚固他人，并引导众人仰望祢。阿们。,/static/images/picture3.jpg,"[{""text"": ""民数记 12章"", ""url"": ""https://www.wordproject.org/bibles/gb/04/12.htm""}, {""text"": ""民数记 13章"", ""url"": ""https://www.wordproject.org/bibles/gb/04/13.htm""}, {""text"": ""路加福音 4:1-30"", ""url"": ""https://www.wordproject.org/bibles/gb/42/4.htm""}, {""text"": ""诗篇 37:1-20"", ""url"": ""https://www.wordproject.org/bibles/gb/19/37.htm""}]"
2026-03-14,进入命定,3月14日：效法约书亚与迦勒,民数记14章、路加福音4:31-44、诗篇37:21-40,"在听见探子的负面报告后，以色列人拒绝进入应许之地。惧怕与不信在营中蔓延，引发叛逆。然而，神因约书亚与迦勒的信心而尊荣他们。别人看见的是巨人，但约书亚和迦勒却看见神的伟大。

他们专注于神的使命，而非人的声音；他们在群体的压力中坚定立场，选择勇气而非抱怨。别人悖逆时他们顺服，别人放弃时他们仍等候。正因他们紧握神的应许，数十年后，他们亲眼见证应许的成就。信心不是否认现实，而是宣告，神比我们所见更大。

愿我们像约书亚与迦勒一样，勇敢进入神为我们预备的每一个应许。",主耶稣，求祢使我心坚定在祢的应许上。赐我勇气跟随祢的使命，即使他人怀疑或反对。让我勇敢行在祢所命定的道路中，进入祢为我预备的命定。阿们。,/static/images/picture3.jpg,"[{""text"": ""民数记 14章"", ""url"": ""https://www.wordproject.org/bibles/gb/04/14.htm""}, {""text"": ""路加福音 4:31-44"", ""url"": ""https://www.wordproject.org/bibles/gb/42/4.htm""}, {""text"": ""诗篇 37:21-40"", ""url"": ""https://www.wordproject.org/bibles/gb/19/37.htm""}]"
2026-03-15,进入命定,3月15日：谦卑却蒙拣选,民数记15章、路加福音5:1-16、诗篇38篇,"在那次神迹性的打鱼之后，耶稣告诉彼得，从此他要得人如得鱼。彼得因自己的不配而俯伏敬畏，撇下一切跟随主。神常拣选谦卑的人，而非骄傲、强势或自以为有能力的人。

谦卑的人深知自己多么需要神，他们愿意为神腾出空间。也许你像彼得一样，感到不配、不足或未预备好。在神面前谦卑自己，安息在祂的能力中。正是在我们的软弱里，祂的恩典显明祂的旨意。

今天，放下那些缠累你的事，跟随那位看见你生命潜能的主。",主耶稣，感谢祢呼召我，虽我不配。使我在祢面前常存谦卑的心，却在祢的呼召里有信心。帮助我放下一切拦阻，信靠并顺服地跟随祢。使用我的生命，带领他人认识祢。阿们。,/static/images/picture3.jpg,"[{""text"": ""民数记 15章"", ""url"": ""https://www.wordproject.org/bibles/gb/04/15.htm""}, {""text"": ""路加福音 5:1-16"", ""url"": ""https://www.wordproject.org/bibles/gb/42/5.htm""}, {""text"": ""诗篇 38篇"", ""url"": ""https://www.wordproject.org/bibles/gb/19/38.htm""}]"
2026-03-16,进入命定,3月16日：命定是领受的，不是夺取的,民数记16章、路加福音5:17-39、箴言10:26-32,"属神的呼召出于神的拣选，而非人的野心。可拉企图夺取只有神能赐下的职位。因受自我提升的欲望驱使，他追求认同与权力。骄傲必先于败坏，而可拉的野心最终使他走向毁灭。

相反地，神的任命源于祂的拣选，需要以谦卑顺服的心来领受。每一个呼召、机会与恩膏，都是礼物，不是竞争或比较的结果。当你的心与神的使命对齐时，你不必强行推门，当时机成熟，神自会为你开启。

以信心领受祂为你预备的命定吧！",主耶稣，求祢保守我远离骄傲的野心，教导我以谦卑和信心行走。每天更新我的心，使我相信祢已为我在祢的国度中预备了位置与使命。阿们。,/static/images/picture3.jpg,"[{""text"": ""民数记 16章"", ""url"": ""https://www.wordproject.org/bibles/gb/04/16.htm""}, {""text"": ""路加福音 5:17-39"", ""url"": ""https://www.wordproject.org/bibles/gb/42/5.htm""}, {""text"": ""箴言 10:26-32"", ""url"": ""https://www.wordproject.org/bibles/gb/20/10.htm""}]"
2026-03-17,进入命定,3月17日：另一种蒙福的方式,民数记17-18章、路加福音6:1-26、箴言11:1-5,"登山宝训重新定义了祝福的意义。世人以“手中所有”衡量祝福，耶稣却以“心中所有”定义祝福。祂宣告：那些依靠神的人，必得天国的福。在世人的眼中，痛苦似乎是惩罚；但耶稣称受苦的人为有福，不是因为痛苦本身，而是因为神在苦难中与我们同在。

世上的短暂享乐终将消逝，但天国的赏赐却是永恒的。八福所描述的每一个特质，都是基督的性情。最大的祝福，就是越来越像耶稣。让八福塑造你，使你活出神为你预备的命定。",主耶稣，求祢教我照祢的眼光看祝福，不以地位或财富衡量，而以信心与谦卑塑造的心为福。用祢的真理塑造我的价值观。阿们。,/static/images/picture3.jpg,"[{""text"": ""民数记 17章"", ""url"": ""https://www.wordproject.org/bibles/gb/04/17.htm""}, {""text"": ""民数记 18章"", ""url"": ""https://www.wordproject.org/bibles/gb/04/18.htm""}, {""text"": ""路加福音 6:1-26"", ""url"": ""https://www.wordproject.org/bibles/gb/42/6.htm""}, {""text"": ""箴言 11:1-5"", ""url"": ""https://www.wordproject.org/bibles/gb/20/11.htm""}]"
2026-03-18,进入命定,3月18日：品格先于命定,民数记19-20章、路加福音6:27-49、箴言11:6-10,"我们常专注于生命的“目的地命定”，以为达到最终目标才最重要。但在神看来，祂更在意我们的“品格”而非“终点”命定。当我们扎根在基督的话语中，不仅能引导我们走向目标，更能在旅程中塑造我们，使我们成为神要我们成为的人。

若我们的根基立在真理上，任何风暴都不能摇动我们。在神提拔你之前，祂必先预备你。品格的锻炼使我们能承担更大的使命。愿我们天天被建造成更像我们的救主，耶稣基督。",主耶稣，感谢祢教导我更高的爱与真理之道。帮助我把生命建造在祢的话语根基上，结出好果子，成为祢所呼召的人。阿们。,/static/images/picture3.jpg,"[{""text"": ""民数记 19章"", ""url"": ""https://www.wordproject.org/bibles/gb/04/19.htm""}, {""text"": ""民数记 20章"", ""url"": ""https://www.wordproject.org/bibles/gb/04/20.htm""}, {""text"": ""路加福音 6:27-49"", ""url"": ""https://www.wordproject.org/bibles/gb/42/6.htm""}, {""text"": ""箴言 11:6-10"", ""url"": ""https://www.wordproject.org/bibles/gb/20/11.htm""}]"
2026-03-19,成为祝福,3月19日：城中的光,民数记21-22章、路加福音7:1-23、箴言11:11-15,"箴言11:11说：“因正直人的祝福，城邑得以高举；因恶人的口，就被拆毁。”想想看，一个城市或国家的方向，竟取决于义人或恶人的影响力！成为城中的光，从我们的言语开始。

不要只是抱怨问题，而要宣告神能成就的事。我们要说出盼望、真理与鼓励。城市不缺批评的声音，却需要信心的声音。当我们祝福家庭、职场、学校与社区时，就是与神同工，使这地被建立。我们带来的是解决方案，不只是意见；我们筑的是桥梁，不是围墙。

当神的子民以谦卑和智慧合一同行，就能成为这个世代中的希望灯塔。",主啊，让我的言语成为祝福。帮助我以正直生活，真诚待人，在城市中为祢发光。使用我的生命，带来盼望。阿们。,/static/images/picture4.jpg,"[{""text"": ""民数记 21章"", ""url"": ""https://www.wordproject.org/bibles/gb/04/21.htm""}, {""text"": ""民数记 22章"", ""url"": ""https://www.wordproject.org/bibles/gb/04/22.htm""}, {""text"": ""路加福音 7:1-23"", ""url"": ""https://www.wordproject.org/bibles/gb/42/7.htm""}, {""text"": ""箴言 11:11-15"", ""url"": ""https://www.wordproject.org/bibles/gb/20/11.htm""}]"
2026-03-20,成为祝福,3月20日：当神使咒诅变为祝福,民数记23-24章、路加福音7:24-50、箴言11:16-20,"巴勒王雇用巴兰咒诅以色列人，希望藉此削弱他们的力量。但每当巴兰开口要咒诅时，神就使咒诅化为祝福。三次巴兰企图咒诅，三次神都阻止，并宣告说：“神非人，必不至说谎……祂已赐福，我不能更改。

”这故事提醒我们，凡为攻击神子民所设的武器都不能得逞。当我们行在顺服中，神亲自成为我们的护卫，使一切咒诅化为祂恩宠显明的机会。别人意欲加害之事，神能转为美好。那位保护以色列的神，今日仍保护我们。

让我们说出生命的话语而非毁灭的话，祝福而非咒诅。",主耶稣，感谢祢，使一切咒诅与抵挡都不能胜过祢对我生命的祝福。帮助我用言语传递生命、鼓励与盼望，使祢的爱坚固他人。阿们。,/static/images/picture4.jpg,"[{""text"": ""民数记 23章"", ""url"": ""https://www.wordproject.org/bibles/gb/04/23.htm""}, {""text"": ""民数记 24章"", ""url"": ""https://www.wordproject.org/bibles/gb/04/24.htm""}, {""text"": ""路加福音 7:24-50"", ""url"": ""https://www.wordproject.org/bibles/gb/42/7.htm""}, {""text"": ""箴言 11:16-20"", ""url"": ""https://www.wordproject.org/bibles/gb/20/11.htm""}]"
2026-03-21,成为祝福,3月21日：慷慨使祝福满溢,民数记25-26章、路加福音8:1-25、箴言11:21-25,"神国的法则奇妙地与世相反—你给得越多，得到的越多。世界教导人积存、保护资源、为己预备为自己储存；但圣经提醒我们，真正的丰盛来自“倾倒”而非“囤积”。

在神的经济中，我们所献出的，祂总能加倍增添。慷慨不仅关乎金钱，更关乎心的姿态。那是一颗愿意给予的心。我们的付出反映了那位赐下独生子的神之心肠。当我们以更新他人为使命时，我们自己就成为神爱与恩典的管道。

今天，你愿意去寻找一个可以祝福的人吗？",主耶稣，求祢教导我以慷慨的心生活。愿我的生命、言语与爱都成为他人得祝福与得安慰的泉源，正如祢倾倒祝福于我一样。阿们。,/static/images/picture4.jpg,"[{""text"": ""民数记 25章"", ""url"": ""https://www.wordproject.org/bibles/gb/04/25.htm""}, {""text"": ""民数记 26章"", ""url"": ""https://www.wordproject.org/bibles/gb/04/26.htm""}, {""text"": ""路加福音 8:1-25"", ""url"": ""https://www.wordproject.org/bibles/gb/42/8.htm""}, {""text"": ""箴言 11:21-25"", ""url"": ""https://www.wordproject.org/bibles/gb/20/11.htm""}]"
2026-03-22,成为祝福,3月22日：张开的手，迎来祝福,民数记27-28章、路加福音8:26-56、箴言11:26-31,"在古时，饥荒或物资短缺时囤积粮食，被视为一种自私的行为，因为他们的贪婪剥夺了他人的需要。人自然厌恶这样的行为，因为它显露出缺乏怜悯的心。今日，“粮食”象征神托付给我们的各种资源，金钱、才干、时间或智慧。

当我们紧握不放，就错失与神慷慨同工的喜乐；当我们敞开分享，就参与了神祝福他人的工作。当我们以“张开的手”生活时，我们会主动留意可以祝福的人。圣经提醒我们：“你们白白得来，也要白白舍去。

”让我们每天都成为神祝福流通的管道，让祂的爱透过我们流向有需要的人！",天父，求祢赦免我曾自私保留、错失祝福别人的机会。让我成为祢慷慨的器皿，教导我以张开的手和甘心乐意的心生活。阿们。,/static/images/picture4.jpg,"[{""text"": ""民数记 27章"", ""url"": ""https://www.wordproject.org/bibles/gb/04/27.htm""}, {""text"": ""民数记 28章"", ""url"": ""https://www.wordproject.org/bibles/gb/04/28.htm""}, {""text"": ""路加福音 8:26-56"", ""url"": ""https://www.wordproject.org/bibles/gb/42/8.htm""}, {""text"": ""箴言 11:26-31"", ""url"": ""https://www.wordproject.org/bibles/gb/20/11.htm""}]"
2026-03-23,成为祝福,3月23日：被圣灵差遣,民数记29-30章、路加福音9:1-27、诗篇39篇,"耶稣差派十二门徒出去，赐给他们医治与传讲天国的权柄。祂吩咐他们旅途中不要带食物或银钱—要他们全然倚靠圣灵的能力。同样地，我们也要相信：当我们服事他人时，神必供应我们一切所需。

我们常因感到自己不够资格或准备不足而犹豫，但神提醒我们，祂看重的不是能力，而是愿意的心。耶稣也教导门徒，要留在接待他们的人那里；若被拒绝就离开那城。服事并非总是容易，也不一定会被人称赞。有人会欢迎我们，也有人会拒绝我们。

愿我们刚强壮胆地服事，无论神差我们到哪里，都全心信靠祂！",主耶稣，求祢引领我每一次的服事。以祢的能力充满我，而非我自己的力量。引导我的脚步、言语与心思，使我所行所说都能反映祢。求祢使用我去爱人、医治人，祝福他人。阿们。,/static/images/picture4.jpg,"[{""text"": ""民数记 29章"", ""url"": ""https://www.wordproject.org/bibles/gb/04/29.htm""}, {""text"": ""民数记 30章"", ""url"": ""https://www.wordproject.org/bibles/gb/04/30.htm""}, {""text"": ""路加福音 9:1-27"", ""url"": ""https://www.wordproject.org/bibles/gb/42/9.htm""}, {""text"": ""诗篇 39篇"", ""url"": ""https://www.wordproject.org/bibles/gb/19/39.htm""}]"
2026-03-24,成为祝福,3月24日：手扶犁，不回头,民数记31-32章、路加福音9:28-62、诗篇40篇,"在变像山上，耶稣的荣耀显明祂的权能。随后祂教导门徒，跟随祂必须付上代价，全心委身。祂说：“手扶犁向后看的，不配进神的国。”若要在神的事工中成为祝福，必须全心委身、毫不动摇。

我们不能一面跟随基督，一面怀疑、犹豫、或仍眷恋过去的生活。要全然跟随基督，就必须放下旧有的罪、世俗的牵挂与个人的安逸；舍弃自我的私欲，让神国的工作借着我们推进，因一个分心的心，无法有效地成就神的工。",主耶稣，感谢祢向我显明祢的荣耀，并呼召我全心跟随祢。帮助我手扶犁、不回头，放下自我与私利，使我的生命成为祢国度的祝福。阿们。,/static/images/picture4.jpg,"[{""text"": ""民数记 31章"", ""url"": ""https://www.wordproject.org/bibles/gb/04/31.htm""}, {""text"": ""民数记 32章"", ""url"": ""https://www.wordproject.org/bibles/gb/04/32.htm""}, {""text"": ""路加福音 9:28-62"", ""url"": ""https://www.wordproject.org/bibles/gb/42/9.htm""}, {""text"": ""诗篇 40篇"", ""url"": ""https://www.wordproject.org/bibles/gb/19/40.htm""}]"
2026-03-25,成为祝福,3月25日：怜悯的恩赐,民数记33-34章、路加福音10:1-24、诗篇41篇,"诗篇41篇以应许开篇。顾念贫弱的人，就是体贴那些贫穷、无助与受压迫之人，这正反映出神对弱者的怜悯。在神的眼中，怜悯不是软弱，而是开启祝福的力量。

大卫亲身经历过神的怜悯。那位呼召我们怜悯他人的神，也在我们软弱时怜悯我们。怜悯是一个循环：当我们倾注怜悯，神也以怜悯浇灌我们。当我们使人得安慰，神也更新我们的心。每一次当我们关怀受伤的人、扶持疲乏的人、保护无助的人，我们就在参与神国度的工作。

愿我们在向人施怜悯的同时，也领受祂的怜悯。",主耶稣，求祢开我的眼，看见身边的需要，并赐我一颗能化怜悯为行动的心。帮助我爱人超越舒适圈，成为真正反映祢怜悯的邻舍。阿们。,/static/images/picture4.jpg,"[{""text"": ""民数记 33章"", ""url"": ""https://www.wordproject.org/bibles/gb/04/33.htm""}, {""text"": ""民数记 34章"", ""url"": ""https://www.wordproject.org/bibles/gb/04/34.htm""}, {""text"": ""路加福音 10:1-24"", ""url"": ""https://www.wordproject.org/bibles/gb/42/10.htm""}, {""text"": ""诗篇 41篇"", ""url"": ""https://www.wordproject.org/bibles/gb/19/41.htm""}]"
2026-03-26,全心爱主,3月26日：渴慕祂的同在,民数记35-36章、路加福音10:25-42、诗篇42篇,"你是否曾经历过一种深切的渴望？那不仅仅是一时的感觉，而是一种灵魂深处的牵引，诗人对神的渴慕正是如此。他心里深知，世上没有任何事物能真正满足他，惟有神自己的同在。

诗人所求的不只是从神得着什么，而是要得着神自己。你是否也有这样的渴慕？这样的渴望，唯有出于爱。我们越经历神，就越渴慕祂。一个真正爱神的心，离了祂便得不着安息。这份渴慕催促我们进入祷告与敬拜。

而这正是神爱的奥秘——我们越渴慕祂，祂就越亲近我们。",主耶稣，祢是我心所渴慕的活水。教导我爱慕祢胜过一切，将我引入更深的亲密，使我生命的每个部分都在祢的同在中得享安息。阿们。,/static/images/picture1.jpg,"[{""text"": ""民数记 35章"", ""url"": ""https://www.wordproject.org/bibles/gb/04/35.htm""}, {""text"": ""民数记 36章"", ""url"": ""https://www.wordproject.org/bibles/gb/04/36.htm""}, {""text"": ""路加福音 10:25-42"", ""url"": ""https://www.wordproject.org/bibles/gb/42/10.htm""}, {""text"": ""诗篇 42篇"", ""url"": ""https://www.wordproject.org/bibles/gb/19/42.htm""}]"
2026-03-27,全心爱主,3月27日：主祷文的生活方式,申命记1章、路加福音11:1-28、诗篇43篇,"当门徒请求耶稣教导他们祷告时，祂不仅赐下祷词，更赐下一种生活的方式。对耶稣而言，祷告与生活是紧密相连、无法分割的，它们是同一关系的两种表达。

我们的生命是祷告结出的果子。主祷文不仅是一段要背诵的祷告，更是生活的蓝图。祷告改变祷告的人，而被改变的心将带来被改变的生命。

当我们越活出主祷文的精神，我们就更亲近耶稣，也更深地爱祂。",天父，求祢教导我不仅懂得如何祷告，更懂得如何生活。让每一次祷告都塑造我的思想、言语与行为。藉祷告改变我，使我越来越像祢的儿子。阿们。,/static/images/picture1.jpg,"[{""text"": ""申命记 1章"", ""url"": ""https://www.wordproject.org/bibles/gb/05/1.htm""}, {""text"": ""路加福音 11:1-28"", ""url"": ""https://www.wordproject.org/bibles/gb/42/11.htm""}, {""text"": ""诗篇 43篇"", ""url"": ""https://www.wordproject.org/bibles/gb/19/43.htm""}]"
2026-03-28,全心爱主,3月28日：内在更新，胜于外在表现,申命记2-3章、路加福音11:29-54、诗篇44篇,"法利赛人外表看来很敬虔。他们谨慎行事，凡事照规矩而行；然而，他们的心却远离神。他们表面上宗教虔诚，内里却充满邪恶。我们完全可能在外表上显得公义，却在内心藏着贪婪和罪恶。

神所看重的，是我们内心的更新，而非外在的表现。保持心灵的洁净至关重要。祂渴望我们以纯正的动机生活。真正与耶稣同行的生命，从内心开始。当我们内在的生命与祂的心意对齐，我们外在的生命自然会反映出祂的光。

我们与耶稣同行越深，我们的渴望也越会与祂的心意相相符。",主耶稣，求祢由内而外地洁净我。鉴察我的心，显明一切虚假与伪装。让我的信仰真诚无伪，成为发自内心的真实同行。阿们。,/static/images/picture1.jpg,"[{""text"": ""申命记 2章"", ""url"": ""https://www.wordproject.org/bibles/gb/05/2.htm""}, {""text"": ""申命记 3章"", ""url"": ""https://www.wordproject.org/bibles/gb/05/3.htm""}, {""text"": ""路加福音 11:29-54"", ""url"": ""https://www.wordproject.org/bibles/gb/42/11.htm""}, {""text"": ""诗篇 44篇"", ""url"": ""https://www.wordproject.org/bibles/gb/19/44.htm""}]"
2026-03-29,全心爱主,3月29日：神忌邪的爱,申命记4章、路加福音12:1-34、诗篇45篇,"当神说祂是“忌邪的神”，那并非出于占有欲，而是祂对我们的爱深切到不容我们满足于次等的爱。正如一位深爱妻子的丈夫会守护婚姻免于背叛，神也守护祂与子民之间的盟约关系。

祂的“忌邪”是一种保护之爱，使我们远离属灵毁灭，紧贴祂的心。神不接受半心半意的委身。神与我们的立约要求我们毫无保留地委身于祂。神的忌邪之爱应当引导我们唯独敬拜祂。祂的忌邪焚烧一切偶像，因为那些偶像夺走了属于祂的爱与敬拜。

唯独神配得我们最高的敬爱、最深的忠诚与最纯的爱。",天父，求祢保守我的心，不让任何事取代祢的位置。焚烧一切分散我心、夺去我对祢委身的偶像。我的生命完全属于祢。阿们。,/static/images/picture1.jpg,"[{""text"": ""申命记 4章"", ""url"": ""https://www.wordproject.org/bibles/gb/05/4.htm""}, {""text"": ""路加福音 12:1-34"", ""url"": ""https://www.wordproject.org/bibles/gb/42/12.htm""}, {""text"": ""诗篇 45篇"", ""url"": ""https://www.wordproject.org/bibles/gb/19/45.htm""}]"
2026-03-30,全心爱主,3月30日：管教是成长之路,申命记5章、路加福音12:35-59、箴言12:1-6,"这段箴言提醒我们：一个人对待管教的态度，将决定他的成长、智慧与命定。没有管教，就没有成长。真正的学习者，是谦卑且乐意接受纠正的人。管教虽不易，却是神爱的工具管教可能让人感觉严厉，但它是神最充满爱的工具之一。

祂借着管教塑造我们的品格，坚固我们的灵。爱管教，就是拥抱神的陶造。拒绝管教的人，关上了通往智慧的大门。我们绝不可拒绝神的管教，因神管教祂所爱的人。

即使过程疼痛，也要让主借此转化我们的生命。",主耶稣，求祢赐我一颗乐意接受祢管教的心。让我谦卑、受教、愿意受引导。愿每一次纠正都使我更亲近祢、更像祢。阿们。,/static/images/picture1.jpg,"[{""text"": ""申命记 5章"", ""url"": ""https://www.wordproject.org/bibles/gb/05/5.htm""}, {""text"": ""路加福音 12:35-59"", ""url"": ""https://www.wordproject.org/bibles/gb/42/12.htm""}, {""text"": ""箴言 12:1-6"", ""url"": ""https://www.wordproject.org/bibles/gb/20/12.htm""}]"
2026-03-31,全心爱主,3月31日：代代相传的爱,申命记6-7章、路加福音13章、箴言12:7-12,"爱神不仅是一种情感，更是一种生活方式。信仰不只仅限于主日的敬拜，而应编织进生活的每一刻。我们家庭、关系、言谈、思想与生活习惯，都应见证我们对神的爱。

爱神不仅是个人的事，更是代代相传的使命。这是我们必须留给下一代的属灵遗产。孩子最有力的学习方式是模仿，他们在听我们教导之前，会先观察我们的生活。

孩子一生能读到最有力的“圣经”，就是父母与神亲密同行的生命榜样。愿主帮助我们以身作则。在尚未作好的地方，谦卑悔改，并立志成为敬虔的榜样。",主耶稣，求祢帮助我在家中以身作则。让我对祢的爱在言语、服事与生活中都清晰可见。愿我的家成为祢同在的居所，充满祢的荣耀与平安。阿们。,/static/images/picture1.jpg,"[{""text"": ""申命记 6章"", ""url"": ""https://www.wordproject.org/bibles/gb/05/6.htm""}, {""text"": ""申命记 7章"", ""url"": ""https://www.wordproject.org/bibles/gb/05/7.htm""}, {""text"": ""路加福音 13章"", ""url"": ""https://www.wordproject.org/bibles/gb/42/13.htm""}, {""text"": ""箴言 12:7-12"", ""url"": ""https://www.wordproject.org/bibles/gb/20/12.htm""}]"
2026-04-01,全心爱主,4月1日：门徒的代价、呼召与品格,申命记8-9章、路加福音14章、箴言12:13-18,"虽然跟随耶稣是上帝向我们发出的最美好的邀请，但这也是我们回应上帝所付出代价最高的决定。耶稣告诉我们，在决定跟随祂之前，要“考虑代价”。门徒的生活意味着完全的奉献，让基督在我们生命中居首位，高于一切。

耶稣亲自发出的“跟随我”的邀请，不只是一个命令。祂呼召我们与祂同行，从祂身上学习，活在祂的同在中，并要像祂一样。

门徒的品格以谦卑和顺服为标志。在祂的国度里，最伟大的人是那些谦卑甘愿居下位的人。你愿意承担代价，回应呼召，并追求基督的品格吗？当我们这样做时，祂将改变我们，使我们逐渐像祂。",主耶稣，求祢帮助我以愿意的心跟随祢。赐我力量和勇气回应祢的呼召。使我忠心、谦卑、顺服，使我的生命能够荣耀祢的名。阿们。,/static/images/picture1.jpg,"[{""text"": ""申命记 8章"", ""url"": ""https://www.wordproject.org/bibles/gb/05/8.htm""}, {""text"": ""申命记 9章"", ""url"": ""https://www.wordproject.org/bibles/gb/05/9.htm""}, {""text"": ""路加福音 14章"", ""url"": ""https://www.wordproject.org/bibles/gb/42/14.htm""}, {""text"": ""箴言 12:13-18"", ""url"": ""https://www.wordproject.org/bibles/gb/20/12.htm""}]"
2026-04-02,连结社群,4月2日：顺服是真爱之证,申命记10-11章、路加福音15章、箴言12:19-24,"顺服是我们对上帝之爱的体现。对主真正的爱必然会结出顺服的果子。这样的爱催促我们去讨祂的喜悦；为了讨祂的喜悦，我们就会遵行祂所吩咐的。

我们是否真正爱基督的检验不在于空洞的言语，而在于是否顺服。耶稣在祂地上事工的开始与结束都经历了考验。你是否愿意照祂所说的去行、去爱、去饶恕、去服事、去鼓励、彼此建立，并担当彼此的重担吗？

顺服并不容易。若是容易，我们就不会在其中挣扎。顺服对耶稣而言同样是痛苦的。祂经历了旷野的试探、客西马尼园的挣扎，以及犹大的背叛。

即便顺服上帝可能使我们付出许多代价，但它绝不会使我们失去祂的应许。",天父，教导我不仅用言语爱祢，更要用顺服来爱祢。帮助我抵挡选择性的顺服，让我完全跟随祢。阿们。,/static/images/picture2.jpg,"[{""text"": ""申命记 10章"", ""url"": ""https://www.wordproject.org/bibles/gb/05/10.htm""}, {""text"": ""申命记 11章"", ""url"": ""https://www.wordproject.org/bibles/gb/05/11.htm""}, {""text"": ""路加福音 15章"", ""url"": ""https://www.wordproject.org/bibles/gb/42/15.htm""}, {""text"": ""箴言 12:19-24"", ""url"": ""https://www.wordproject.org/bibles/gb/20/12.htm""}]"
2026-04-03,连结社群,4月3日：保持婚姻的圣洁,申命记12-13章、路加福音16章、箴言12:25-28,"与世俗文化的观念不同，耶稣关于婚姻与离婚的教导，并不是为了羞辱那些经历破碎的人，而是为了守护神圣的事物。婚姻是上帝所设立、所看为圣的。在祂眼中，婚姻的破裂是被严肃对待的。虽然圣经在某些情况下允许离婚，但上帝的心始终倾向于和好、医治与恢复。

婚姻的失败并不会使我们失去上帝对我们的爱与旨意。基督始终是我们在人生每个阶段的盼望。

婚姻的终极目的，是荣耀上帝。维持婚姻不仅仅是为了持续相爱和获得快乐，更是对我们与基督所立之约的忠诚。当不完美的丈夫与妻子将基督放在生命的中心，让祂的真理更新并塑造他们的结合时，婚姻才能持久稳固。",主耶稣，我选择尊崇我在祢面前与配偶所立的神圣誓言。求祢赎回曾经破碎的，让我的婚姻再次完整。求祢以恩典帮助我守护并保护我的婚姻。阿们。,/static/images/picture2.jpg,"[{""text"": ""申命记 12章"", ""url"": ""https://www.wordproject.org/bibles/gb/05/12.htm""}, {""text"": ""申命记 13章"", ""url"": ""https://www.wordproject.org/bibles/gb/05/13.htm""}, {""text"": ""路加福音 16章"", ""url"": ""https://www.wordproject.org/bibles/gb/42/16.htm""}, {""text"": ""箴言 12:25-28"", ""url"": ""https://www.wordproject.org/bibles/gb/20/12.htm""}]"
2026-04-04,连结社群,4月4日：不要使他人跌倒,申命记14-15章、路加福音17章、箴言13:1-5,"耶稣警告说，虽然试探难免会来到，但祂的跟随者绝不可成为别人被绊倒的源头。我们的影响力至关重要。借着我们的言语和行为，我们要么帮助人更亲近上帝，要么把他们推得更远。

耶稣提醒我们，与其让上帝的一个孩子跌倒，不如将扁石挂在脖子上扔进海里。主极其看重并保护祂儿女的心。祂要我们对彼此的相处方式负责。

每一位信徒都肩负神圣的责任，关心彼此的属灵福祉。我们不可误导、施压，或以任何方式伤害他人的信心。面对基督严肃而郑重的话语，让我们反思自己如何带领、如何影响他人，以及如何行事为人。",主耶稣，求祢帮助我留意自己的生活方式。帮助我关心周围人的属灵福祉。让我警醒言语、态度和行为，以免使他人跌倒。阿们。,/static/images/picture2.jpg,"[{""text"": ""申命记 14章"", ""url"": ""https://www.wordproject.org/bibles/gb/05/14.htm""}, {""text"": ""申命记 15章"", ""url"": ""https://www.wordproject.org/bibles/gb/05/15.htm""}, {""text"": ""路加福音 17章"", ""url"": ""https://www.wordproject.org/bibles/gb/42/17.htm""}, {""text"": ""箴言 13:1-5"", ""url"": ""https://www.wordproject.org/bibles/gb/20/13.htm""}]"
2026-04-05,连结社群,4月5日：恒切祷告的力量,申命记16-17章、路加福音18:1-17、箴言13:6-10,"耶稣讲述了那位恒切寡妇的比喻，教导我们“应当常常祷告，勿要灰心”。那位寡妇没有任何影响力或权势，但她坚持不懈地呼求公义，最终感动了那位不义的官，使他为她伸冤。

如果坚持不懈可以打动腐败的人类权威，我们的呼求又能打动天父的心多少倍呢？我们祷告的力量不在于祷告的人，而在于我们所祷告的对象。让我们少与人交谈，多在秘密的祷告中与神对话。

当我们持续祷告时，不公可以得以纠正，困境可以被扭转，心灵可以被改变。无论我们走到哪里，都能看到破碎与苦难。神邀请你通过祷告站在代祷的位子上！凭着信心宣告，救赎与恢复将临到我们的家庭和社群。",主耶稣，教导我以恒切和信心祷告。赐给我祢那公义与怜悯的心。坚固我，使我不灰心祷告，信靠祢垂听并必动工。我要相信，大山小山也必被挪动！阿们。,/static/images/picture2.jpg,"[{""text"": ""申命记 16章"", ""url"": ""https://www.wordproject.org/bibles/gb/05/16.htm""}, {""text"": ""申命记 17章"", ""url"": ""https://www.wordproject.org/bibles/gb/05/17.htm""}, {""text"": ""路加福音 18:1-17"", ""url"": ""https://www.wordproject.org/bibles/gb/42/18.htm""}, {""text"": ""箴言 13:6-10"", ""url"": ""https://www.wordproject.org/bibles/gb/20/13.htm""}]"
2026-04-06,连结社群,4月6日：伪冒的属灵权柄,申命记18-20章、路加福音18:18-43、诗篇46篇,"神禁止从事邪术和神秘活动，因为这些行为会使我们和我们的家庭暴露在反对祂国度的不属神的灵界影响之下。涉足此类行为十分危险，因为它会动摇我们的属灵忠诚，玷污神的子民和祂的教会。在神以外寻求超自然指引，就是拒绝祂的权柄。邪术的力量是一种伪冒的属灵权柄，它带来的是捆绑、恐惧和欺骗，而非在基督里的自由。

真正悔改离开邪术，必须完全与之切断关系——认罪、否认所有虚假的效忠，销毁所有邪术物品，并完全顺服基督而行。",天父，我为任何已知或未知的涉足邪术的行为悔改，并拒绝一切伪冒的属灵事物。我弃绝一切不出于祢的事物，宣告耶稣基督为我唯一的主。凭着祢的名和祢在十字架上完成的工作，求祢洁净我、恢复我，并再次以祢的圣灵充满我。奉耶稣的名，阿们。,/static/images/picture2.jpg,"[{""text"": ""申命记 18章"", ""url"": ""https://www.wordproject.org/bibles/gb/05/18.htm""}, {""text"": ""申命记 19章"", ""url"": ""https://www.wordproject.org/bibles/gb/05/19.htm""}, {""text"": ""申命记 20章"", ""url"": ""https://www.wordproject.org/bibles/gb/05/20.htm""}, {""text"": ""路加福音 18:18-43"", ""url"": ""https://www.wordproject.org/bibles/gb/42/18.htm""}, {""text"": ""诗篇 46篇"", ""url"": ""https://www.wordproject.org/bibles/gb/19/46.htm""}]"
2026-04-07,连结社群,4月7日：向神歌唱赞美,申命记21-22章、路加福音19:1-27、诗篇47篇,"你上一次在祷告中向神献上赞美是什么时候？我们很擅长把自己的需要带到祂面前，却不够刻意地献上赞美。

正如肯定的话语会带给我们喜乐和鼓励，我们的赞美也使神喜悦。让我们就像在团体敬拜中一样，也在私下的时刻赞美神。为着祂是谁来赞美祂，为着祂所做的一切来赞美祂。也要单纯地赞美祂，因为祂是我们的主。不仅把祷告的请求带到祂面前，也要献上我们的敬拜和爱慕。祂配得一切赞美！

当我们养成赞美神的生活方式时，心灵会更敏锐地感受到祂在我们当中的作为。赞美神能建立我们的信心，使我们的关注从问题转向神的伟大。当我们以赞美进入祂的同在时，祂的大能就会进入我们的处境。",主耶稣，求祢赦免我在期待祢满足我的需要时，却忘记以感恩的心来赞美祢。今天，我选择赞美祢，因为祢是神！祢配得我一切的敬拜。阿们。,/static/images/picture2.jpg,"[{""text"": ""申命记 21章"", ""url"": ""https://www.wordproject.org/bibles/gb/05/21.htm""}, {""text"": ""申命记 22章"", ""url"": ""https://www.wordproject.org/bibles/gb/05/22.htm""}, {""text"": ""路加福音 19:1-27"", ""url"": ""https://www.wordproject.org/bibles/gb/42/19.htm""}, {""text"": ""诗篇 47篇"", ""url"": ""https://www.wordproject.org/bibles/gb/19/47.htm""}]"
2026-04-08,连结社群,4月8日：从奴仆到儿子,申命记23-24章、路加福音19:28-48、诗篇48篇,"以色列人在埃及压迫性的体制下度过了数代。他们学会了在暴政中求生，却不懂得如何在公义之下生活。

上帝必须设立律法，帮助祂的子民学习如何共同生活。祂教导以色列人如何保护弱势群体、尊重承诺、保持营地的洁净，并以尊荣彼此相待。他们被教导要活在公义之中，而不是彼此剥削。上帝借着这些律法向他们显明祂对日常生活的标准。

今天，你是活得像奴仆，还是像儿女？我们曾是罪的奴仆，如今却已与天父和好。现在正是时候活出君王儿女的身份。我们不再是奴仆，也不再是孤儿；我们在基督里已经拥有新的身份。愿我们从今以后，也按照上帝的标准而活。",天父，感谢祢救我脱离老我，赐我在基督里的新身份。更新我的心意，教导我以君王的儿女身份生活。阿们。,/static/images/picture2.jpg,"[{""text"": ""申命记 23章"", ""url"": ""https://www.wordproject.org/bibles/gb/05/23.htm""}, {""text"": ""申命记 24章"", ""url"": ""https://www.wordproject.org/bibles/gb/05/24.htm""}, {""text"": ""路加福音 19:28-48"", ""url"": ""https://www.wordproject.org/bibles/gb/42/19.htm""}, {""text"": ""诗篇 48篇"", ""url"": ""https://www.wordproject.org/bibles/gb/19/48.htm""}]"
2026-04-09,进入命定,4月9日：诚实的行为,申命记25-27章、路加福音20:1-26、诗篇49篇,"以色列人被警告不可使用不诚实的法码和度量衡。神称这种欺骗为“可憎”，因为它反映了内心的败坏。正直始于生活中那些微小、无人注意的时刻。当我们的私生活与公开行为同样诚实时，真正的正直就显现出来。正直不在乎谁在看，而是以正确行事为唯一标准，即使你是唯一这样做的人。

正直比能力和智慧更重要。品格低劣的人永远不会选择高尚之路。让准确汇报、守信承诺成为我们在神面前的“诚实度量”。我们必须记得，神不仅看我们的行为，也看我们行事的方式。在每一个决定中，让我们选择在神眼中行正道。",主耶稣，求祢帮助我行走在正直中。洁净我的动机，坚固我的品格，引导我行正道。愿我的生命彰显诚实，归荣耀于祢。阿们。,/static/images/picture3.jpg,"[{""text"": ""申命记 25章"", ""url"": ""https://www.wordproject.org/bibles/gb/05/25.htm""}, {""text"": ""申命记 26章"", ""url"": ""https://www.wordproject.org/bibles/gb/05/26.htm""}, {""text"": ""申命记 27章"", ""url"": ""https://www.wordproject.org/bibles/gb/05/27.htm""}, {""text"": ""路加福音 20:1-26"", ""url"": ""https://www.wordproject.org/bibles/gb/42/20.htm""}, {""text"": ""诗篇 49篇"", ""url"": ""https://www.wordproject.org/bibles/gb/19/49.htm""}]"
2026-04-10,进入命定,4月10日：宗教骄傲的败坏,申命记28章、路加福音20:27-47、诗篇50篇,"耶稣揭示了宗教骄傲的败坏。撒都该人更重视传统律法，而非真理的实质。文士喜爱表面的荣耀、头衔和关注，他们的心却远离神。尽管他们熟知神的话语，却滥用权柄谋取私利。

教会中也有许多人落入过度宗教化的陷阱。我们依附于人为的习俗——对改变做事方式常抱强烈抵触。我们追求认可与掌控——因未被任命为牧师或领袖而心生不满。我们甚至威胁说，如果不能以适合自己的方式服事，就不愿服事。

神极其关心我们内在的光景。我们是否重视头衔和传统多过于讨神的心和从神而来的荣耀？我们应当警惕，不要跌入宗教骄傲，为了头衔和传统而忽略了守护自己的心。",天父，求祢查验我的心，显露我心中任何宗教骄傲的痕迹。赦免我将传统、头衔和人的认同看得比祢的真理更重要。求祢将我的身份扎根在基督里，而非地位上。阿们。,/static/images/picture3.jpg,"[{""text"": ""申命记 28章"", ""url"": ""https://www.wordproject.org/bibles/gb/05/28.htm""}, {""text"": ""路加福音 20:27-47"", ""url"": ""https://www.wordproject.org/bibles/gb/42/20.htm""}, {""text"": ""诗篇 50篇"", ""url"": ""https://www.wordproject.org/bibles/gb/19/50.htm""}]"
2026-04-11,进入命定,4月11日：隐秘的事属于神,申命记29-30章、路加福音21章、诗篇51篇,"生命中有些问题永远得不到答案。我们可能向神提问，但祂自己并不总会做出解释。圣经教导我们，有些事将永远是只有神才知道的奥秘。祂的智慧和作为高过我们，祂不要求我们理解一切，只要我们信靠并交托。

神已经启示了够多能让我们忠心和顺服地活出生命的事。通过祂的话语，祂也向我们显明祂是谁，如何与祂同行，以及祂对我们生命的心意。与其追求祂隐藏的事，我们只需要专注遵守祂的命令，并信靠祂的应许。

最终，隐秘的事属于神，而我们的顺服属于我们。这就足够了。",天父，求祢帮助我信靠那些我无法理解的事，并顺服祢已明示的事。教我安息在祢的智慧里，遵行祢的话语，将每一个奥秘都交在祢手中。阿们。,/static/images/picture3.jpg,"[{""text"": ""申命记 29章"", ""url"": ""https://www.wordproject.org/bibles/gb/05/29.htm""}, {""text"": ""申命记 30章"", ""url"": ""https://www.wordproject.org/bibles/gb/05/30.htm""}, {""text"": ""路加福音 21章"", ""url"": ""https://www.wordproject.org/bibles/gb/42/21.htm""}, {""text"": ""诗篇 51篇"", ""url"": ""https://www.wordproject.org/bibles/gb/19/51.htm""}]"
2026-04-12,进入命定,4月12日：超越我们自身,申命记31-32章、路加福音22:1-38、诗篇52篇,"最后的晚餐是耶稣在踏上十字架前与门徒的最后一次聚会。坐在同一桌上的有忠心的、怀疑的、野心勃勃的、出卖的和否认的门徒。正如那些门徒一样，今天的教会仍由不完美、堕落的人组成。在那第一次圣餐中，耶稣向我们展示了如何超越自我，成为更丰盛的人。

当野心勃勃的门徒忙着争论谁为最大时，拥有万有权柄的耶稣谦卑地跪下，为他们洗脚。彼得因恐惧而否认耶稣，但耶稣不仅恢复了他们，还赋予他们改变世界的能力。

耶稣在我们身上看到的潜力，比我们自己看到的更多。今天，让我们回到耶稣的桌前，因为在基督里，我们能超越自我。",主耶稣，感谢祢接纳像我这样不完美的人。帮助我用祢的眼光看自己。赐我力量，让我成为更丰盛的人，为祢的荣耀而活。阿们。,/static/images/picture3.jpg,"[{""text"": ""申命记 31章"", ""url"": ""https://www.wordproject.org/bibles/gb/05/31.htm""}, {""text"": ""申命记 32章"", ""url"": ""https://www.wordproject.org/bibles/gb/05/32.htm""}, {""text"": ""路加福音 22:1-38"", ""url"": ""https://www.wordproject.org/bibles/gb/42/22.htm""}, {""text"": ""诗篇 52篇"", ""url"": ""https://www.wordproject.org/bibles/gb/19/52.htm""}]"
2026-04-13,进入命定,4月13日：持守到底,申命记33-34章、路加福音22:39-71、箴言13:11-15,"“摩西死时一百二十岁，眼目未昏，精神未衰”。这是多么奇异啊！在他生命的尽头，摩西并未衰弱或生病，他依然身体强健，眼光清晰，直至神将他接去。

无论领导的重担多么沉重，神一直扶持摩西直到最后。虽然他未能进入应许之地，但他以谦卑的仆人身份完成了使命，也将属灵的权柄与责任传承下去。他的生命提醒我们，当我们完全依靠神时，持守到底是可能的。主为你生命所定的命定，并不受身体年龄的限制。

不要相信敌人的谎言，说你太老、太弱或太迟，神无法使用你。凡与祂同行的人，祂都加力量与能力。今天就向祂祈求新的异象和更新的力量吧！",主耶稣，求祢赐我力量，在生命的每一个季节都能完成使命，有始有终。保持我眼目清明，心志坚定，脚步忠信，每日依靠祢。帮助我行走在祢为我预备的命定中。阿们。,/static/images/picture3.jpg,"[{""text"": ""申命记 33章"", ""url"": ""https://www.wordproject.org/bibles/gb/05/33.htm""}, {""text"": ""申命记 34章"", ""url"": ""https://www.wordproject.org/bibles/gb/05/34.htm""}, {""text"": ""路加福音 22:39-71"", ""url"": ""https://www.wordproject.org/bibles/gb/42/22.htm""}, {""text"": ""箴言 13:11-15"", ""url"": ""https://www.wordproject.org/bibles/gb/20/13.htm""}]"
2026-04-14,进入命定,4月14日：每一步都要有勇气,约书亚记1-2章、路加福音23:1-25、箴言13:16-20,"神告诉约书亚“要刚强壮胆”，因为他即将进入应许之地，那里有巨人和陌生的战斗在等待。

在同一时刻，主也揭示了那份勇气的来源——持续默想神的话语，并信靠祂永不离弃的同在。

我们也被呼召如此行。当我们以圣经充满心思时，恐惧就会缩小，信心就会增长。当我们记得神在每一项使命中与我们同在时，我们就能带着信心迈步前行。

勇气不同于鲁莽的冒险，它是在面对一切阻力与挑战时，顺服并与神同行的胆量。当我们以信心行走时，要知道我们的神不仅在我们前面行走，也在每一步中赐予力量。",天父，求祢今天用祢坚定的信实充满我的心。提醒我，祢在每一项使命中都与我同在。帮助我即使在惧怕时也顺服祢。愿祢的同在与话语赐我力量，使我刚强壮胆。阿们。,/static/images/picture3.jpg,"[{""text"": ""约书亚记 1章"", ""url"": ""https://www.wordproject.org/bibles/gb/06/1.htm""}, {""text"": ""约书亚记 2章"", ""url"": ""https://www.wordproject.org/bibles/gb/06/2.htm""}, {""text"": ""路加福音 23:1-25"", ""url"": ""https://www.wordproject.org/bibles/gb/42/23.htm""}, {""text"": ""箴言 13:16-20"", ""url"": ""https://www.wordproject.org/bibles/gb/20/13.htm""}]"
2026-04-15,进入命定,4月15日：唯独站在主这一边,约书亚记3-5章、路加福音23:26-56、箴言13:21-25,"约书亚问那显现的天使：“你是支持我们，还是支持我们的敌人？”那位作为耶和华军队元帅的天使回答说：“都不是”。他既不偏向以色列，也不偏向敌人，而是完全站在神的旨意上。

人类常倾向于分阵营。即使在信徒中，我们也常将自己划分为“我的事工”与“你的事工”。然而，神并不关心我们的派别。祂寻求的是我们完全忠于祂的旨意。我们不应担心神是否站在我们一边，而应关注自己是否站在上帝一边。

真正的争战并不在人与人之间，而是在世界掌权者的属灵势力中。愿我们像那天使一样，众所周知地只与神同行；也愿我们像约书亚一样，始终保持顺服与交托的态度。",主耶稣，求祢使我的心完全与祢对齐。保守我，不盲目追求自己的计划。教导我与祢同行，听从祢的声音，将全心忠诚归给祢。今天引领我进入祢的旨意。阿们。,/static/images/picture3.jpg,"[{""text"": ""约书亚记 3章"", ""url"": ""https://www.wordproject.org/bibles/gb/06/3.htm""}, {""text"": ""约书亚记 4章"", ""url"": ""https://www.wordproject.org/bibles/gb/06/4.htm""}, {""text"": ""约书亚记 5章"", ""url"": ""https://www.wordproject.org/bibles/gb/06/5.htm""}, {""text"": ""路加福音 23:26-56"", ""url"": ""https://www.wordproject.org/bibles/gb/42/23.htm""}, {""text"": ""箴言 13:21-25"", ""url"": ""https://www.wordproject.org/bibles/gb/20/13.htm""}]"
2026-04-16,成为祝福,4月16日：应许之地的祝福,约书亚记6-8章、路加福音24:1-35、箴言14:1-5,"当以色列进入应许之地时，那是进入神丰盛祝福的生动象征。那地代表安息、丰盛和新的开始。同样的，当我们在基督里领受救恩时，我们经历了赦免、自由，以及与神恢复的关系。

应许之地也指向更伟大的事——永恒的天堂应许。正如以色列跨越约旦河进入产业，我们终有一天也将从今生跨入神同在的永恒喜乐中。

愿我们行在神应许的丰盛中，每一天都活出祂的祝福，使我们也能引领他人进入永恒的应许之地。",主耶稣，感谢祢借着基督赐给我救恩与盼望。求祢帮助我每天活在祢应许祝福的丰盛中。引导我，帮助我带领其他人到祢面前。阿们。,/static/images/picture4.jpg,"[{""text"": ""约书亚记 6章"", ""url"": ""https://www.wordproject.org/bibles/gb/06/6.htm""}, {""text"": ""约书亚记 7章"", ""url"": ""https://www.wordproject.org/bibles/gb/06/7.htm""}, {""text"": ""约书亚记 8章"", ""url"": ""https://www.wordproject.org/bibles/gb/06/8.htm""}, {""text"": ""路加福音 24:1-35"", ""url"": ""https://www.wordproject.org/bibles/gb/42/24.htm""}, {""text"": ""箴言 14:1-5"", ""url"": ""https://www.wordproject.org/bibles/gb/20/14.htm""}]"
2026-04-17,成为祝福,4月17日：去告诉全世界,约书亚记9-11章、路加福音24:36-53、箴言14:6-10,"耶稣复活之后出现在那些曾经辜负祂的门徒面前。彼得曾否认祂，其余的门徒四散逃离，疑惑曾经充满整个大楼。耶稣不仅没有定这些一再失败门徒的罪，反而赐下救赎与赦免。

罪得赦免是赐给每一个人的，没有例外。没有人能凭自己的功劳配得进入永生，救赎是赐给所有愿意回转向祂的人——这包括那些觉得自己已经走得太远、无法回头的人。上帝正呼唤我们离开通往毁灭的道路，回到祂的道路上。无论你的过去如何，今天你都可以转向上帝。

正如门徒被差派出去宣告福音一样，我们也要向世界述说上帝在我们生命中的奇妙恩典。你得救赎的故事，正是那些迷失在黑暗中的人今天所需要听见的盼望。",主耶稣，感谢祢赎回我，赦免我的罪。我全然转向祢。赐我能力，让我传扬从祢而来的盼望，把祢的光照进他人的黑暗中。阿们。,/static/images/picture4.jpg,"[{""text"": ""约书亚记 9章"", ""url"": ""https://www.wordproject.org/bibles/gb/06/9.htm""}, {""text"": ""约书亚记 10章"", ""url"": ""https://www.wordproject.org/bibles/gb/06/10.htm""}, {""text"": ""约书亚记 11章"", ""url"": ""https://www.wordproject.org/bibles/gb/06/11.htm""}, {""text"": ""路加福音 24:36-53"", ""url"": ""https://www.wordproject.org/bibles/gb/42/24.htm""}, {""text"": ""箴言 14:6-10"", ""url"": ""https://www.wordproject.org/bibles/gb/20/14.htm""}]"
2026-04-18,成为祝福,4月18日：正直的人必得昌盛,约书亚记12-13章、约翰福音1:1-18、箴言14:11-15,"“正直人的帐棚必得昌盛”。这句箴言帮助我们理解神对我们的心意。祂希望我们在各方面都能兴盛。这里的“帐棚”象征日常生活：我们的家庭、工作，以及与神的个人同行。

“正直”意味着以道德操守和诚实生活。过正直生活的信徒会兴盛，因为他们扎根在真理中，蒙恩典浇灌，并因顺服而得以维系。那么，我们如何才能活出这样的生活呢？

在一切处事为人上持守公正的心。愿意为恩典付出小小牺牲。操练自制，不让快速得利的诱惑引发贪心。当跌倒时，要及时悔改，回转向神。在一切所行的事上都要认定祂，行耶和华眼中看为正的事。扎根在基督里，你就会经历主在你所行的一切道路上使你兴盛。",主耶稣，求祢帮助我在生命的每个领域都行得正直。教我以诚信、公正和自制行事。感谢祢的恩典扶持我。阿们。,/static/images/picture4.jpg,"[{""text"": ""约书亚记 12章"", ""url"": ""https://www.wordproject.org/bibles/gb/06/12.htm""}, {""text"": ""约书亚记 13章"", ""url"": ""https://www.wordproject.org/bibles/gb/06/13.htm""}, {""text"": ""约翰福音 1:1-18"", ""url"": ""https://www.wordproject.org/bibles/gb/43/1.htm""}, {""text"": ""箴言 14:11-15"", ""url"": ""https://www.wordproject.org/bibles/gb/20/14.htm""}]"
2026-04-19,成为祝福,4月19日：性急易怒，判断失误,约书亚记14-15章、约翰福音1:19-51、箴言14:16-20,"性急易怒的人很少有意伤害他人，但我们常常在不经意间造成伤害。在短短几秒钟内，我们说出无法收回的话。这种愚昧并非因为缺乏智慧，而是缺乏自制。

愤怒是人类自然的情绪，但若不受约束，它会蒙蔽我们的判断，控制我们的行为。愤怒带来的混乱常导致悔恨。我们在愤怒中说出的话，可能深深伤害他人，甚至破坏关系。不义的愤怒与我们在基督里的新生命格格不入。

能控制脾气的人既保护了人际关系，也荣耀了神。愿今天我们追求一颗快快地听，慢慢地说，慢慢动怒的心。",主耶稣，求祢平息我的心，指引我对人对事的回应。教我学会暂停、倾听，并将愤怒交托给祢。求祢用平安与耐心的灵充满我。阿们。,/static/images/picture4.jpg,"[{""text"": ""约书亚记 14章"", ""url"": ""https://www.wordproject.org/bibles/gb/06/14.htm""}, {""text"": ""约书亚记 15章"", ""url"": ""https://www.wordproject.org/bibles/gb/06/15.htm""}, {""text"": ""约翰福音 1:19-51"", ""url"": ""https://www.wordproject.org/bibles/gb/43/1.htm""}, {""text"": ""箴言 14:16-20"", ""url"": ""https://www.wordproject.org/bibles/gb/20/14.htm""}]"
2026-04-20,成为祝福,4月20日：共享生命的喜乐,约书亚记16-18章、约翰福音2:1-12、诗篇53-54篇,"看见耶稣出现在婚宴上，与新人一同欢庆他们的结合，是一幅美丽的画面。这是圣经中唯一一次描绘主出现在完全喜庆的场合。知道基督不仅在我们的患难中与我们同在，也在我们的喜乐与庆祝中与我们同在，实在令人欣慰。

当酒用尽时，耶稣把水变成上好的酒，使宴席得以继续。上帝喜悦祂子民之间的喜乐与团契。无论是家庭旅行、与朋友的一顿简单聚餐，还是充满笑声的夜晚，祂都同在。

我们可以如何效法耶稣呢？我们可以“与喜乐的人同乐”，在亲友得胜与蒙福时真心庆贺而不心生嫉妒；也可以在资源不足时分享上帝所赐的祝福，去满足他人的需要。拥抱每一个喜乐的时刻，因为生命本就值得庆贺！",主耶稣，感谢祢赐给我与人团契的喜乐。帮助我与欢呼的人一同欢呼，珍视关系，并在每一个时刻彰显祢的大爱。阿们。,/static/images/picture4.jpg,"[{""text"": ""约书亚记 16章"", ""url"": ""https://www.wordproject.org/bibles/gb/06/16.htm""}, {""text"": ""约书亚记 17章"", ""url"": ""https://www.wordproject.org/bibles/gb/06/17.htm""}, {""text"": ""约书亚记 18章"", ""url"": ""https://www.wordproject.org/bibles/gb/06/18.htm""}, {""text"": ""约翰福音 2:1-12"", ""url"": ""https://www.wordproject.org/bibles/gb/43/2.htm""}, {""text"": ""诗篇 53篇"", ""url"": ""https://www.wordproject.org/bibles/gb/19/53.htm""}, {""text"": ""诗篇 54篇"", ""url"": ""https://www.wordproject.org/bibles/gb/19/54.htm""}]"
2026-04-21,成为祝福,4月21日：寻找前行的力量,约书亚记19-20章、约翰福音2:13-25、诗篇55篇,"在诗篇55篇中，大卫将他深切的痛苦倾诉在主面前。他面临敌人的攻击，心中充满恐惧。在这一切痛苦之中，他宣告：“把你的重担卸给耶和华，他必扶持你”。

他明白只有神能带他渡过困境，所以他不断向主寻求帮助。他在私下里所经历的，也成为众人的祝福。通过《诗篇》，数以百万计的人在同一位拯救大卫的神里找到安慰、力量与盼望。

无论你今天背负何种重担，都将它交在神的手中。主应许祂必帮助你渡过难关。你所背负的重担，也能成为祝福他人的基石。",天父，我将我所有的重担都交托给祢。将我的痛苦与恐惧全都交在祢手中。坚固我的心，帮助我以信心前行。我单单信靠祢。阿们。,/static/images/picture4.jpg,"[{""text"": ""约书亚记 19章"", ""url"": ""https://www.wordproject.org/bibles/gb/06/19.htm""}, {""text"": ""约书亚记 20章"", ""url"": ""https://www.wordproject.org/bibles/gb/06/20.htm""}, {""text"": ""约翰福音 2:13-25"", ""url"": ""https://www.wordproject.org/bibles/gb/43/2.htm""}, {""text"": ""诗篇 55篇"", ""url"": ""https://www.wordproject.org/bibles/gb/19/55.htm""}]"
2026-04-22,成为祝福,4月22日：你必须重生,约书亚记21-22章、约翰福音3:1-21、诗篇56篇,"耶稣与一位名叫尼哥底母的宗教领袖对话。令他惊讶的是，基督告诉他说：“你必须重生”。尼哥底母遵守律法，甚至教导圣经，但他缺乏真正的属灵生命。他有宗教，却没有与神的关系。

救恩不是靠道德努力或知识本身获得，而是来自上头的新生。重生意味着通过圣灵的大能，获得一颗新的心、一个新性情和一个新身份。

我们的第一次出生使我们成为血肉之子，但第二次出生使我们成为神的儿女。这重生是基督所赎的救恩，只有凭着信心才能领受。当我们在圣灵里重生后，内在的人会改变——我们对他人会变得更仁慈，更能显示怜悯，也更容易饶恕别人。今天，为神赐给你的重生而喜乐吧！因为在基督里，你已被更新、被救赎，并完全属于祂了。",主耶稣，感谢祢赐给我重生的恩典。更新我的心，改变我的心思意念，用祢圣灵的生命充满我。在祢里面，我成为全新的人！阿们。,/static/images/picture4.jpg,"[{""text"": ""约书亚记 21章"", ""url"": ""https://www.wordproject.org/bibles/gb/06/21.htm""}, {""text"": ""约书亚记 22章"", ""url"": ""https://www.wordproject.org/bibles/gb/06/22.htm""}, {""text"": ""约翰福音 3:1-21"", ""url"": ""https://www.wordproject.org/bibles/gb/43/3.htm""}, {""text"": ""诗篇 56篇"", ""url"": ""https://www.wordproject.org/bibles/gb/19/56.htm""}]"
2026-04-23,全心爱主,4月23日：与基督为婚,约书亚记23-24章、约翰福音3:22-36、诗篇57篇,"耶稣向我们显明自己是我们的新郎。借着救恩，我们成为祂的新妇。正如新娘被新郎追求和深爱，基督也以永恒的信实爱我们，并对我们全然委身。

婚姻应该建立在爱、亲密与合一之上。这正是祂希望我们与祂之间拥有的关系。祂不仅想让我们知道祂的存在，更希望我们真正认识祂、与祂同行，并在祂的同在中喜乐。

我们与基督的联合将从今生延续到永生，直到羔羊的婚筵——那是天上的庆典，基督与祂的新妇将永远在喜乐中联合！因此，让我们全心全意委身于祂。祂已宣告我们为祂所有，选择了我们，并与我们立约。今天，让你的心因着祂深深爱你、你永远属祂而得享平安吧。",主耶稣，感谢祢选择我、追求我，并深爱我。帮助我亲密地与祢同行。求祢让我的心专注于祢，直到我在荣耀中与祢一同欢宴的那一天。阿们。,/static/images/picture1.jpg,"[{""text"": ""约书亚记 23章"", ""url"": ""https://www.wordproject.org/bibles/gb/06/23.htm""}, {""text"": ""约书亚记 24章"", ""url"": ""https://www.wordproject.org/bibles/gb/06/24.htm""}, {""text"": ""约翰福音 3:22-36"", ""url"": ""https://www.wordproject.org/bibles/gb/43/3.htm""}, {""text"": ""诗篇 57篇"", ""url"": ""https://www.wordproject.org/bibles/gb/19/57.htm""}]"
2026-04-24,全心爱主,4月24日：唯有基督能满足心渴,士师记1章、约翰福音4:1-42、诗篇58篇,"耶稣在约翰福音4:14中说：“我所赐的水，喝了就永远不渴”。撒玛利亚妇人来到井边打水，但耶稣知道她心灵的渴望。她曾试图通过“爱情”满足自己的心灵，然而内心仍然空虚。

我们许多人都有类似的感受。我们试图通过成就、情感、享乐或认同来满足自己的心渴，结果还是常常感到挫败和不满足。基督应许给予我们真正持久的满足。

那妇人留下了她的水罐，因为她找到了更伟大的源头：耶稣自己。让我们停止从干涸的井中取水，转向那位完全且永远满足我们的主。今天，把你的渴望带到耶稣面前，深深喝入祂的同在，让祂的活水充满你。唯有祂能满足并恢复你！",主耶稣，祢是我的活水。今天求祢满足我的心，让祢的同在充满我。教导我将祢放在一切之上，追求祢。阿们。,/static/images/picture1.jpg,"[{""text"": ""士师记 1章"", ""url"": ""https://www.wordproject.org/bibles/gb/07/1.htm""}, {""text"": ""约翰福音 4:1-42"", ""url"": ""https://www.wordproject.org/bibles/gb/43/4.htm""}, {""text"": ""诗篇 58篇"", ""url"": ""https://www.wordproject.org/bibles/gb/19/58.htm""}]"
2026-04-25,全心爱主,4月25日：每天与神开始,士师记2-3章、约翰福音4:43-5:15、诗篇59篇,"你每天醒来后做的第一件事是什么？有人拿起手机，有人倒第一杯咖啡。能够迎接每一天的日出，本身就是神的恩赐。每一天都是新的开始。昨日已逝，我们可以带着更新的怜悯、盼望与力量开始今天。

每天与神开始吧。告诉神祂是首位。向天父问安、默想祂的话语、向祂祷告，并将一整天交托给祂，同时邀请圣灵充满你的一天，成为你每日的节奏。像诗篇作者一样——宣告神的爱，依靠祂的力量，并在每个清晨寻求神的庇护。

耶稣常常清早独自退到旷野祷告。我们也应效法祂，先被圣灵充满，然后才能将爱与恩典倾注出去。让每一个早晨都成为与祂相遇的时刻。",天父，感谢祢赐给我新的一天。当我开始今天的生活时，我将每一刻都交在祢手中。求祢按祢的旨意引导我的脚步。阿们。,/static/images/picture1.jpg,"[{""text"": ""士师记 2章"", ""url"": ""https://www.wordproject.org/bibles/gb/07/2.htm""}, {""text"": ""士师记 3章"", ""url"": ""https://www.wordproject.org/bibles/gb/07/3.htm""}, {""text"": ""约翰福音 4:43-5:15"", ""url"": ""https://www.wordproject.org/bibles/gb/43/4.htm""}, {""text"": ""诗篇 59篇"", ""url"": ""https://www.wordproject.org/bibles/gb/19/59.htm""}]"
2026-04-26,全心爱主,4月26日：圣经中的一切都指向耶稣,士师记4-5章、约翰福音5:16-47、诗篇60篇,"耶稣曾对那些殷勤研读圣经的宗教领袖说话，他们熟悉经文所指向的那一位，却错过了祂本身。他们明白字句，背诵律法，分析预言，却没有认出站在他们面前的弥赛亚。

耶稣说：“为我作见证的就是这经，然而你们不肯到我这里来得生命”。他们抗拒来到主面前得救，这是何等的悲哀！这对我们也是一个严肃的提醒。我们也有可能研读圣经、参加教会聚会、殷勤事奉，却仍然错过耶稣本身。

让我们求圣灵开启我们的眼睛，将基督启示给我们。圣经之所以是活的，是因为耶稣是活的。祂的应许轻声诉说着祂对我们的爱。圣经中的每一个故事都指向祂的救赎。愿我们更加亲近祂！",主耶稣，求祢开我的眼睛，使我认出祢的同在、祢的声音和祢在我生命中的作为。帮助我更亲近祢，与祢同行。祢必兴旺，我必衰微。阿们。,/static/images/picture1.jpg,"[{""text"": ""士师记 4章"", ""url"": ""https://www.wordproject.org/bibles/gb/07/4.htm""}, {""text"": ""士师记 5章"", ""url"": ""https://www.wordproject.org/bibles/gb/07/5.htm""}, {""text"": ""约翰福音 5:16-47"", ""url"": ""https://www.wordproject.org/bibles/gb/43/5.htm""}, {""text"": ""诗篇 60篇"", ""url"": ""https://www.wordproject.org/bibles/gb/19/60.htm""}]"
2026-04-27,全心爱主,4月27日：神为何拣选三百人,士师记6-7章、约翰福音6:1-24、箴言14:21-25,"上帝将基甸的军队从三万二千人大幅缩减到仅剩三百人。祂刻意削弱基甸的力量，使神的大能得以清楚彰显。上帝呼召我们去面对的争战，往往超出我们的能力；而且很多时候，祂会挪去我们肉体所依靠的一切，好让我们学习单单倚靠祂。

在面对人生的阻碍时，我们常常被问题的庞大所吓倒，也习惯依靠自己的力量去解决。然而，若上帝能借着仅仅三百人拯救一个国家，祂同样也能在你的生命中大大作为。

当刚强壮胆！提醒自己圣经所宣告的宝贵真理：“若上帝帮助我们，谁能敌挡我们呢？”当全能者站在我们这一边，没有任何障碍大到无法跨越，没有任何仇敌强到无法胜过，也没有任何处境绝望到无法改变。要欢喜，因为主必赐你得胜！",天父，感谢祢帮助我，并与我同在。当挑战压倒我时，求祢提醒我祢比我所面对的任何困难都要强大。阿们。,/static/images/picture1.jpg,"[{""text"": ""士师记 6章"", ""url"": ""https://www.wordproject.org/bibles/gb/07/6.htm""}, {""text"": ""士师记 7章"", ""url"": ""https://www.wordproject.org/bibles/gb/07/7.htm""}, {""text"": ""约翰福音 6:1-24"", ""url"": ""https://www.wordproject.org/bibles/gb/43/6.htm""}, {""text"": ""箴言 14:21-25"", ""url"": ""https://www.wordproject.org/bibles/gb/20/14.htm""}]"
2026-04-28,全心爱主,4月28日：生命所需，耶稣皆是,士师记8章、约翰福音6:25-71、箴言14:26-30,"科学告诉我们，空气、水、食物、光和住所是生命的基本需求。耶稣宣告说：“我就是生命的气息”，“我就是活水”，“我就是生命的粮”，“我就是世界的光”，以及“我就是好牧人”。

耶稣是维持生命的气息，是满足心灵的活水，是赐力量的粮食，是引导方向的光明，是保护我们的避难所。耶稣是生命存在所需的一切。

祂不仅供应我们所需，更是我们所需本身。我们被造就是为了需要耶稣。没有耶稣，我们仍然干渴、窒息、饥饿，并迷失在黑暗中。在基督里，我们能活出真正的生命。

的确，我们需要耶稣才能活！",主耶稣，感谢祢成为我生命中所需的一切。求祢赦免我曾在别处寻求生命的意义；我现在明白了，原来我受造是单单为了祢。祢不仅满足我的需要，祢本身就是我的生命。阿们。,/static/images/picture1.jpg,"[{""text"": ""士师记 8章"", ""url"": ""https://www.wordproject.org/bibles/gb/07/8.htm""}, {""text"": ""约翰福音 6:25-71"", ""url"": ""https://www.wordproject.org/bibles/gb/43/6.htm""}, {""text"": ""箴言 14:26-30"", ""url"": ""https://www.wordproject.org/bibles/gb/20/14.htm""}]"
2026-04-29,全心爱主,4月29日：耶稣是谁？,士师记9章、约翰福音7章、箴言14:31-35,"在住棚节期间，人们对耶稣的身份议论纷纷，意见严重分歧。有人怀疑、争辩、闲谈，好奇、惧怕、困惑；有人甚至憎恨祂，想要杀害祂；也有人在心里默默相信祂。

今天的我们属于哪一类的人呢？就像住棚节上的人一样，我们也听闻了同一个耶稣，祂向我们发出了同样的邀请。我们如何回应祂？让我们不要只当旁观者，从远处观看、评论神是谁、祂在做什么。耶稣没有说：“看我、讨论我或评估我”。祂说的是：“跟从我，到我这里来，喝我所赐的水”。

唯有迈步跟随祂、喝祂的活水的人，才能真正遇见祂。",主耶稣，在这个充满各种意见的世界里，赐我信心，真实地相信祢是谁。激起我内心深处的渴望，促使我全心来到祢面前，跟随祢。我渴望认识祢、爱祢，并为祢而活。阿们。,/static/images/picture1.jpg,"[{""text"": ""士师记 9章"", ""url"": ""https://www.wordproject.org/bibles/gb/07/9.htm""}, {""text"": ""约翰福音 7章"", ""url"": ""https://www.wordproject.org/bibles/gb/43/7.htm""}, {""text"": ""箴言 14:31-35"", ""url"": ""https://www.wordproject.org/bibles/gb/20/14.htm""}]"
2026-04-30,连结社群,4月30日：充满恩典与真理,士师记10-11章、约翰福音8:1-30、箴言15:1-5,"恩典若没有真理，就会变成放纵罪的执照；真理若没有恩典，就会变成残酷和严厉的律法主义。律法要求惩罚那位犯奸淫被抓的妇人，但耶稣既没有定她的罪，也没有纵容她，而是赦免她，并告诉她不要再继续犯罪。祂以权柄说话，也以怜悯行事。

耶稣完完全全地彰显了恩典与真理，这两者都是祂的属性。真理分辨是非对错，而恩典则把我们原本不配得的，出于神的怜悯，白白赐给我们。我们需要常常与耶稣亲近，跟随圣灵的脚步，才能活出恩典与真理的丰盛。我们该如何坚守圣经的真理，同时又活出无条件的爱，在言语与行动中处处反映耶稣的样式呢？

在这个价值观纷杂矛盾、文化对立彼此冲击的世界当中，基督徒被呼召活出不一样的光。",天父，教导我不要轻视恩典与真理，而是在我的生命中彰显两者。赐我力量，恨罪却爱罪人。阿们。,/static/images/picture2.jpg,"[{""text"": ""士师记 10章"", ""url"": ""https://www.wordproject.org/bibles/gb/07/10.htm""}, {""text"": ""士师记 11章"", ""url"": ""https://www.wordproject.org/bibles/gb/07/11.htm""}, {""text"": ""约翰福音 8:1-30"", ""url"": ""https://www.wordproject.org/bibles/gb/43/8.htm""}, {""text"": ""箴言 15:1-5"", ""url"": ""https://www.wordproject.org/bibles/gb/20/15.htm""}]"
2026-05-01,连结社群,5月1日：真理使人得自由,士师记第12–14章、约翰福音8:31–59、箴言15:6–10,"耶稣将真正的门徒与表面的信徒区分开来。真正的门徒是那些忠心遵行祂教导的人。这意味着我们要顺服祂的话语，即使祂的话让人难以接受，甚至令人不舒服，我们仍然愿意遵行。宣称自己是基督徒很容易，但真正活出基督徒的生命却很难。

耶稣并不在乎自己是否受欢迎。曾有一大群宗教群众跟随祂，但最终却把祂钉在十字架上。祂所要的是全心委身的门徒，无论人数多么稀少。

从罪的捆绑中得释放，是常常活出祂话语的自然效果。使我们得着自由的，不是我们晓得多少真理的学问，而是我们多顺服。罪虽承诺自由，最终却带来捆绑。虽然耶稣会用祂的真理来揭露我们的罪恶，但那会使我们得着释放。",主耶稣，谢谢祢赐予我自由的真理。我不愿只是名义上的跟随者，我渴望在心里成为真正的门徒。求祢帮助我常常住在祢的话语中，让祢的真理打破我生命中的一切锁链。引导我进入祢所应许的自由。阿们。,/static/images/picture2.jpg,"[{""text"": ""士师记 12章"", ""url"": ""https://www.wordproject.org/bibles/gb/07/12.htm""}, {""text"": ""士师记 13章"", ""url"": ""https://www.wordproject.org/bibles/gb/07/13.htm""}, {""text"": ""士师记 14章"", ""url"": ""https://www.wordproject.org/bibles/gb/07/14.htm""}, {""text"": ""约翰福音 8:31-59"", ""url"": ""https://www.wordproject.org/bibles/gb/43/8.htm""}, {""text"": ""箴言 15:6-10"", ""url"": ""https://www.wordproject.org/bibles/gb/20/15.htm""}]"
2026-05-02,连结社群,5月2日：恩赐≠敬虔,士师记15–16章、约翰福音9:1–34、箴言15:11–15,"参孙拥有非凡的力量恩赐，但他的品格却十分软弱。我们常常以为，一个人若有很大的恩赐，就一定与主有亲密的关系。然而，这并不一定是正确的。

虽然上帝不会撤销祂赐给我们的恩赐和呼召，但我们却可能忽略与上帝的亲密关系。主看重的，不仅是我们能为祂做什么，更在乎我们在祂里面成为怎样的人。祂在我们身上寻找的是属灵的果子。

因此，让我们操练自己，成为敬虔的弟兄姐妹。简单来说，敬虔就是活出彰显上帝性情的生命。能力是不可以取代品格的。只有才干却没有生命的改变，是徒然的。扎根于敬虔的生命，才能结出长存的果效。试想，如果我们每一个人都在敬虔上不断成长，我们的家庭、教会、学校、职场和整个社会，将会带来何等的转变。",天父，求祢赦免我看重自己的才干和恩赐过于看重品格的成长。赦免我用功劳来衡量价值，却忽略了在基督里的成长。求祢从我內心深处更新改变我。阿们。,/static/images/picture2.jpg,"[{""text"": ""士师记 15章"", ""url"": ""https://www.wordproject.org/bibles/gb/07/15.htm""}, {""text"": ""士师记 16章"", ""url"": ""https://www.wordproject.org/bibles/gb/07/16.htm""}, {""text"": ""约翰福音 9:1-34"", ""url"": ""https://www.wordproject.org/bibles/gb/43/9.htm""}, {""text"": ""箴言 15:11-15"", ""url"": ""https://www.wordproject.org/bibles/gb/20/15.htm""}]"
2026-05-03,连结社群,5月3日：认出你牧者的声音,士师记17–18章、约翰福音9:35–10:21、箴言15:16–20,"耶稣是那位走在羊群前面的牧者。羊群跟随祂，是因为它们认得祂的声音。它们跟随不是因为知道前面的路怎么走，而是因为信靠那位带领它们的牧者。

周围不断喋喋不休、相互竞争的意见和无尽的建议，很容易淹没牧者的声音。我们与上帝相处的时间越多，就越能辨别祂的声音，从那些争夺我们注意力的众多声音中分辨出来。

耶稣也说，羊不会跟随陌生人，反而会逃离不熟悉的声音。亲近上帝能让我们更敏锐地分辨出来自上帝的声音，并抵挡那些不属于祂的声音。

羊最安全的地方，就是在牧者身边。因为魔鬼并不惧怕羊，它惧怕的只有牧者。",主耶稣，求祢帮助我常常亲近祢，并教我如何认出祢的声音。求祢帮助我不被世界的声音引偏，引导我走在祢的道路上，让我的心专注听从祢的带领。阿们。,/static/images/picture2.jpg,"[{""text"": ""士师记 17章"", ""url"": ""https://www.wordproject.org/bibles/gb/07/17.htm""}, {""text"": ""士师记 18章"", ""url"": ""https://www.wordproject.org/bibles/gb/07/18.htm""}, {""text"": ""约翰福音 9:35-10:21"", ""url"": ""https://www.wordproject.org/bibles/gb/43/9.htm""}, {""text"": ""箴言 15:16-20"", ""url"": ""https://www.wordproject.org/bibles/gb/20/15.htm""}]"
2026-05-04,连结社群,5月4日：基督是我们的道德指南针,士师记19–21章、约翰福音10:22–42、诗篇61篇,"当社会远离上帝时，人们便跟随自己的道德指南针，按自己眼中认为正确的去行。道德逐渐衰落，妥协成为常态。如今常听到的话是：“做让自己开心的事”，“你的真理是你的真理，我的真理是我的真理”，以及“跟随你的心”。

我们已经对不圣洁习以为常。我们把罪称为挣扎，把妥协说成包容，把悖逆当作自由。只要感觉是对的，即使圣经的真理和我们的信念不一致，我们也无所谓。这些都是来自仇敌的谎言。我们的观点并不高于圣经。当我们改变自己的价值观去迎合时代，我们已不再是跟随圣经，而是在跟随世界。

我们的良方是将上帝的话语恢复为最终权威，并重新获得对主的敬畏。选择去行上帝眼中正确和悦纳的事。唯有基督才是通往圣洁的唯一道路。",主耶稣，求祢赦免我被世俗引偏，而不以祢的真理为立足点。求祢将圣言恢复为我最终的权威，更新我对祢的圣洁敬畏。分辨我，使我能与祢同行在圣洁的道路上。阿们。,/static/images/picture2.jpg,"[{""text"": ""士师记 19章"", ""url"": ""https://www.wordproject.org/bibles/gb/07/19.htm""}, {""text"": ""士师记 20章"", ""url"": ""https://www.wordproject.org/bibles/gb/07/20.htm""}, {""text"": ""士师记 21章"", ""url"": ""https://www.wordproject.org/bibles/gb/07/21.htm""}, {""text"": ""约翰福音 10:22-42"", ""url"": ""https://www.wordproject.org/bibles/gb/43/10.htm""}, {""text"": ""诗篇 61篇"", ""url"": ""https://www.wordproject.org/bibles/gb/19/61.htm""}]"
2026-05-05,连结社群,5月5日：耶稣哭了,路得记1–2章、约翰福音11:1–44、诗篇62篇,"耶稣为什么在拉撒路的墓前哭泣？毕竟，距离祂叫拉撒路复活只有片刻之遥。

尽管“耶稣哭了”是圣经中最短的一节经文，却深刻地显明了耶稣完全的人性与神性。这显示祂是怜悯的上帝，能与人的痛苦同感。祂为拉撒路哭，也为马利亚和马大因失去亲人而悲伤流泪。祂为人类因死亡而带来的哀痛而哭。但最重要的是，祂哭，因为死亡提醒我们，许多死去的人将面临永远在地狱中的灭亡。

如果耶稣能因死亡的现实而流泪，我们的心岂不也应当被触动吗？你是否为那些尚未认识主的人心中怀有负担？我们已经被托付永恒生命的福音信息。愿祂的怜悯唤醒我们的心，使我们积极地与人分享这唯一能带来永生的盼望。",主耶稣，求祢赐给我一颗充满怜悯的心。激发我新的热情，将福音传给那些远离祢的人。阿们。,/static/images/picture2.jpg,"[{""text"": ""路得记 1章"", ""url"": ""https://www.wordproject.org/bibles/gb/08/1.htm""}, {""text"": ""路得记 2章"", ""url"": ""https://www.wordproject.org/bibles/gb/08/2.htm""}, {""text"": ""约翰福音 11:1-44"", ""url"": ""https://www.wordproject.org/bibles/gb/43/11.htm""}, {""text"": ""诗篇 62篇"", ""url"": ""https://www.wordproject.org/bibles/gb/19/62.htm""}]"
2026-05-06,连结社群,5月6日：合乎神心意的婚姻,路得记3–4章、约翰福音11:45–12:11、诗篇63篇,"波阿斯在娶路得之前，遵行妥善的近亲救赎规定，以此尊荣上帝。合乎神心意的婚姻不仅是两个人彼此忠诚，更重要的是，两个人共同忠于上帝。

对于信徒来说，婚姻应以基督为中心。婚姻是在上帝面前所立的圣约，而不仅仅是浪漫的结合。在这个根基上，显明上帝的设计：丈夫要以牺牲的爱来爱妻子，妻子要敬重顺服丈夫。美满的婚姻不只是关系到浪漫的情感和默契，更在乎的是公义与品格。

没有一段婚姻是完美的，也没有婚姻是无法挽回的。坚固的婚姻需要付出巨大努力。它需要谦卑的心，以及在委身、沟通和彼此让步上不断学习和成长。当我们顺服上帝，建立合乎神心意的婚姻时，我们的婚姻就会坚固持久。",主耶稣，感谢祢赐下婚姻这圣洁的恩赐。我选择在我的婚姻中荣耀祢。求祢帮助我将基督置于我的婚姻中心。阿们。,/static/images/picture2.jpg,"[{""text"": ""路得记 3章"", ""url"": ""https://www.wordproject.org/bibles/gb/08/3.htm""}, {""text"": ""路得记 4章"", ""url"": ""https://www.wordproject.org/bibles/gb/08/4.htm""}, {""text"": ""约翰福音 11:45-12:11"", ""url"": ""https://www.wordproject.org/bibles/gb/43/11.htm""}, {""text"": ""诗篇 63篇"", ""url"": ""https://www.wordproject.org/bibles/gb/19/63.htm""}]"
2026-05-07,进入命定,5月7日：唯有放下，才能活出生命,撒母耳记上1–2章、约翰福音12:12–36、诗篇64篇,"耶稣教导了祂国度中一则强而有力、看似矛盾的真理：唯有舍弃自我，才能得着真正的生命。只有为祂舍弃生命时，我们才会真正被得着。在跟随基督的道路上，我们只有舍己，才能找到在基督里的自己。

耶稣明确指出，跟随祂不是为了自我满足，而是为了活出祂的榜样。若仍为自己而活，就无法真正跟随耶稣，因为基督的道路要求我们背起自己的十字架。我们必须倒空自己，完全将自己献给上帝。

你生命中十字架的痕迹在哪里？那些伤痕正是你背负十字架沉重代价的证据。我们为基督所经历的苦难、牺牲和忠心，终会以永恒的喜乐和奖赏取代。有一天，我们将把十字架换成荣耀的冠冕。",主耶稣，求祢教我如何走十字架的道路。帮助我甘愿舍己，好使我能在祢里面真正地活着。我定睛仰望永恒，并相信有一天，我将把十字架换成荣耀的冠冕。阿们。,/static/images/picture3.jpg,"[{""text"": ""撒母耳记上 1章"", ""url"": ""https://www.wordproject.org/bibles/gb/09/1.htm""}, {""text"": ""撒母耳记上 2章"", ""url"": ""https://www.wordproject.org/bibles/gb/09/2.htm""}, {""text"": ""约翰福音 12:12-36"", ""url"": ""https://www.wordproject.org/bibles/gb/43/12.htm""}, {""text"": ""诗篇 64篇"", ""url"": ""https://www.wordproject.org/bibles/gb/19/64.htm""}]"
2026-05-08,进入命定,5月8日：超越神迹的信心,撒母耳记上3–5章、约翰福音12:37–50、诗篇65篇,"即使耶稣行了许多神迹奇事，有些人仍不信祂。虽然神迹可以帮助一些人确认他们的信心，但对另一些人来说，就算看到上帝的作为仍不足以让他们相信，因为他们不愿将信心完全放在基督身上。

单靠神迹无法产生信心。即使亲眼见证了上帝的大能，有些人仍然不相信上帝已经启示的真理。

我们不需要更多神迹来信靠耶稣。我们需要的是顺服的心，将我们的不信交托给上帝。愿我们有信心，相信耶稣是我们个人的救主和君王。祂已经藉着话语、作为和十字架清楚地启示了自己。除非我们与基督有个人的关系，否则没有任何其他事物能救我们脱离罪的工价。",主耶稣，求祢鉴察我的心，把我心里存在的不信——揭露出来。求祢塑造我一颗顺服的心。我全心信靠祢拯救的恩典。阿们。,/static/images/picture3.jpg,"[{""text"": ""撒母耳记上 3章"", ""url"": ""https://www.wordproject.org/bibles/gb/09/3.htm""}, {""text"": ""撒母耳记上 4章"", ""url"": ""https://www.wordproject.org/bibles/gb/09/4.htm""}, {""text"": ""撒母耳记上 5章"", ""url"": ""https://www.wordproject.org/bibles/gb/09/5.htm""}, {""text"": ""约翰福音 12:37-50"", ""url"": ""https://www.wordproject.org/bibles/gb/43/12.htm""}, {""text"": ""诗篇 65篇"", ""url"": ""https://www.wordproject.org/bibles/gb/19/65.htm""}]"
2026-05-09,进入命定,5月9日：你愿意洗脚吗？,撒母耳记上6–8章、约翰福音13:1–30、诗篇66篇,"如果你知道自己只剩下不到一天的生命，你会做什么？耶稣选择了洗脚。

在被钉在十字架的前夕，耶稣承担了最卑微仆人的角色，为门徒洗脚。洗脚有两个意义：一是实际的需要，为走了一整天路的门徒洗净双脚；二是更深的属灵意义，它象征内心的洁净与谦卑的服事。

有一句名言说：“谦卑不是看轻自己，而是少想着自己。”当我们谦卑自己时，上帝必定会将我们提升到高位。

爱会为了别人，踏入最肮脏、最卑微的地方。你愿意凡事以爱为本，为他人洗脚吗？",主耶稣，求祢教我以谦卑的心去爱与服事。赐我愿意的心，踏入卑微之处，关心他人，如同祢关心我一样。阿们。,/static/images/picture3.jpg,"[{""text"": ""撒母耳记上 6章"", ""url"": ""https://www.wordproject.org/bibles/gb/09/6.htm""}, {""text"": ""撒母耳记上 7章"", ""url"": ""https://www.wordproject.org/bibles/gb/09/7.htm""}, {""text"": ""撒母耳记上 8章"", ""url"": ""https://www.wordproject.org/bibles/gb/09/8.htm""}, {""text"": ""约翰福音 13:1-30"", ""url"": ""https://www.wordproject.org/bibles/gb/43/13.htm""}, {""text"": ""诗篇 66篇"", ""url"": ""https://www.wordproject.org/bibles/gb/19/66.htm""}]"
2026-05-10,进入命定,5月10日：为敬拜祂而被创造,撒母耳记上9–10章、约翰福音13:31–38、诗篇67篇,"诗篇67篇显示，赞美不仅仅是一项活动，更是一种生活方式。圣经反复呼唤：“上帝啊，愿万民都称赞祢”，明确了敬拜主是上帝为我们生命所设计的一部分。

如果你曾感觉生命缺乏意义，请记住，你被造是为了敬拜创造宇宙的上帝。敬拜上帝不应被视为可有可无，而应成为我们日常生活中不可或缺的一部分。它应当成为我们存在的核心。我们每天都要刻意挪出时间，单纯地来敬拜祂。

默想祂美好的属性。将诗篇化作你对上帝的赞美之语。静静地坐下，敬畏祂的伟大与良善。当你这样操练时，你将开始体会到，活出真正敬拜者的生命所带来的深刻喜乐与福分。",天父，求祢教我不仅用言语，也用我的生命来赞美祢。愿我的心以敬拜和顺服来回应祢。阿们。,/static/images/picture3.jpg,"[{""text"": ""撒母耳记上 9章"", ""url"": ""https://www.wordproject.org/bibles/gb/09/9.htm""}, {""text"": ""撒母耳记上 10章"", ""url"": ""https://www.wordproject.org/bibles/gb/09/10.htm""}, {""text"": ""约翰福音 13:31-38"", ""url"": ""https://www.wordproject.org/bibles/gb/43/13.htm""}, {""text"": ""诗篇 67篇"", ""url"": ""https://www.wordproject.org/bibles/gb/19/67.htm""}]"
2026-05-11,进入命定,5月11日：天堂是真实的地方,撒母耳记上11–13章、约翰福音14:1–14、箴言15:21–25,"“天堂真的存在吗？”这个问题并不新鲜。许多人对此抱有怀疑态度。毕竟，我们生活在一个由所见、所测量和所证明来塑造信念的世界里。

耶稣口中的天堂，并不是一个模糊的属灵概念，而是一个真实、永恒的目的地。天堂是耶稣现在掌权的地方，是祂为儿女预备的地方。它是我们的永恒家园，是我们名字被记录的奖赏之地。

试想如果天堂是真实的？如果天堂真实存在，就意味着你的存在不是偶然的，你的生命也不是毫无意义。你在地上的生命的终点，并不是完全的终结；你的每一个选择，都具有超越今生的意义。",主耶稣，我相信祢，但我承认我仍有一些事情难以理解。求祢帮助我信靠祢关于天堂及其意义的教导。当我跟随祢时，引领我进入祢为我预备的永生。阿们。,/static/images/picture3.jpg,"[{""text"": ""撒母耳记上 11章"", ""url"": ""https://www.wordproject.org/bibles/gb/09/11.htm""}, {""text"": ""撒母耳记上 12章"", ""url"": ""https://www.wordproject.org/bibles/gb/09/12.htm""}, {""text"": ""撒母耳记上 13章"", ""url"": ""https://www.wordproject.org/bibles/gb/09/13.htm""}, {""text"": ""约翰福音 14:1-14"", ""url"": ""https://www.wordproject.org/bibles/gb/43/14.htm""}, {""text"": ""箴言 15:21-25"", ""url"": ""https://www.wordproject.org/bibles/gb/20/15.htm""}]"
2026-05-12,进入命定,5月12日：世上无法给予的平安,撒母耳记上14章、约翰福音14:15–31、箴言15:26–29,"对你来说，什么是平安？如果你的平安取决于事情是否按你的期望顺利进行，那种平安是脆弱的。你只有在计划顺利、他人配合、结果符合你的期待时，才会感到平安。一旦遇到不顺心的事，那份平安就会瓦解。真正的平安不是来自掌控结果，而是来自信靠那位掌管我们结局的主。

耶稣在十字架前夕谈到平安。那时，祂样样都不“顺利”，祂却赐平安给门徒。耶稣所赐的平安，不要求一切都符合逻辑。真正的平安不是没有问题，而是有信靠。它是一种即使身处风暴中，也能让我们安然依靠的平安。

当我们放下对事情应如何发展的执着，就从努力争取转向信靠，人生的重担不再只由我们独自承担。",主耶稣，求祢教导我放下想要掌控结果的心，学习单单信靠祢。当我面临崩塌，一切不如计划时，求祢帮助我在祢里面安息，深知我的生命和未来都在祢的手中。阿们。,/static/images/picture3.jpg,"[{""text"": ""撒母耳记上 14章"", ""url"": ""https://www.wordproject.org/bibles/gb/09/14.htm""}, {""text"": ""约翰福音 14:15-31"", ""url"": ""https://www.wordproject.org/bibles/gb/43/14.htm""}, {""text"": ""箴言 15:26-29"", ""url"": ""https://www.wordproject.org/bibles/gb/20/15.htm""}]"
2026-05-13,进入命定,5月13日：尊荣以前，必有谦卑,撒母耳记上15–16章、约翰福音15:1–17、箴言15:30–33,"谦卑的证据，并不在于表面的温柔或保持低调。谦卑最受考验的时刻，是当上帝呼召我们去服事、祝福或事奉那些曾经深深伤害或冒犯我们的人。这非常艰难，因为这种顺服既沉重又不公平。

但上帝看见这种谦卑。当我们懂得俯首和谦卑地顺服上帝时，祂会亲自来提升我们。祂必定会按着祂自己的时间和方式尊荣那些谦卑的人。

这样的谦卑预备我们的心，使我们能正确地承接尊荣。谦卑使上帝在我们内心中施行祂隐秘的工作，当我们获得人的认可时，我们也能依然保持不骄傲、不自高的心态。神喜悦这样的心。",天父，求祢赐我一颗谦卑的心，不论需要付出多大的代价，我也愿意顺服祢。帮助我去服事、祝福并爱那些我心里抗拒的人。求祢在我身上运行祢隐秘的工作，当尊荣临到我时，我能够荣耀祢。阿们。,/static/images/picture3.jpg,"[{""text"": ""撒母耳记上 15章"", ""url"": ""https://www.wordproject.org/bibles/gb/09/15.htm""}, {""text"": ""撒母耳记上 16章"", ""url"": ""https://www.wordproject.org/bibles/gb/09/16.htm""}, {""text"": ""约翰福音 15:1-17"", ""url"": ""https://www.wordproject.org/bibles/gb/43/15.htm""}, {""text"": ""箴言 15:30-33"", ""url"": ""https://www.wordproject.org/bibles/gb/20/15.htm""}]"
2026-05-14,成为祝福,5月14日：冠冕之前的巨人,撒母耳记上17章、约翰福音15:18–27、箴言16:1–4,"当上帝拣选大卫作王时，祂没有立刻将冠冕戴在他头上。祂先让大卫经历歌利亚。大卫坐上宝座之前，他必须先站在战场上接受试验。歌利亚不是大卫命定道路上的障碍，他是训练的一部分。与巨人的对峙，是为他成为王所做的预备。

我们今天所面对的挣扎与挑战，都是上帝用来预备和磨炼我们的训练。预备在使命之前，试炼在提升之前。像大卫一样，让我们相信，最终的胜利来自信靠那位行在我们前头的上帝。

当我们最终戴上胜利的冠冕时，务必记住，冠冕不是用来炫耀的奖赏，而是继续为上帝争战的神圣责任。",天父，求祢赐我勇气和信心去面对人生道路上的巨人。帮助我铭记，每一次胜利都是服侍祢和为祢努力奋斗的责任。阿们。,/static/images/picture4.jpg,"[{""text"": ""撒母耳记上 17章"", ""url"": ""https://www.wordproject.org/bibles/gb/09/17.htm""}, {""text"": ""约翰福音 15:18-27"", ""url"": ""https://www.wordproject.org/bibles/gb/43/15.htm""}, {""text"": ""箴言 16:1-4"", ""url"": ""https://www.wordproject.org/bibles/gb/20/16.htm""}]"
2026-05-15,成为祝福,5月15日：为他人的胜利而欢呼,撒母耳记上18–19章、约翰福音16:1–15、箴言16:5–8,"大卫击败歌利亚后，以色列的妇女为大卫的胜利歌唱。然而，扫罗王并没有因上帝所行的事而喜乐，他反而被嫉妒吞噬。

嫉妒是一种非常危险的罪，但许多基督徒往往忽视或不愿意正视它。它不仅抹杀了上帝在其他信徒生命中的美善，也暗暗质疑上帝的公义。嫉妒让人误以为别人的祝福就是自己的损失。我们需要明白，上帝赐给一个人的祝福，并不会减少祂对另一个人的信实。上帝既至高无上，又仁慈慷慨。

当你听到别人成功时，心里是否感到酸溜溜？将这份感受交托给上帝吧。祈求上帝扩大你的心胸，使你能够与他人一同欢呼喜乐。选择为你嫉妒的人祝福和祈祷，培养满足与感恩的心。",主耶稣，求祢查验我的心，揭开隐藏在我心里的嫉妒。赦免我质疑祢的良善与信实。求祢在我内心里面培养一颗感恩和知足的心，为祢所赐的一切常存感谢。阿们。,/static/images/picture4.jpg,"[{""text"": ""撒母耳记上 18章"", ""url"": ""https://www.wordproject.org/bibles/gb/09/18.htm""}, {""text"": ""撒母耳记上 19章"", ""url"": ""https://www.wordproject.org/bibles/gb/09/19.htm""}, {""text"": ""约翰福音 16:1-15"", ""url"": ""https://www.wordproject.org/bibles/gb/43/16.htm""}, {""text"": ""箴言 16:5-8"", ""url"": ""https://www.wordproject.org/bibles/gb/20/16.htm""}]"
2026-05-16,成为祝福,5月16日：主赐良友,撒母耳记上20–21章、约翰福音16:16–33、箴言16:9–12,"一位在困境中出现的忠心良友，实在是上帝极宝贵的祝福！约拿单不仅信赖大卫，还由始至终力挺他。他冒着极大的个人风险保护大卫，即使在重压之下也从未背叛他。约拿单也拒绝与大卫为敌，因为他看见神的手在大卫身上，所以自动放弃自己对王位的权利，并顺服于上帝的旨意。

我们都需要这样一位忠实可靠、陪伴我们历经考验的朋友。这样的朋友不仅深爱我们、为我们无私付出，也会在我们信心动摇时坚定我们的信念，并始终对我们不离不弃，直到生命的终点。

同样地，我们也要成为他人的约拿单。在与人的关系中，我们如何能少一点计较，多一点无条件的爱呢？",天父，感谢祢赐予我这份忠诚的友谊宝贵的礼物。我为那些对我不离不弃的好朋友们献上感谢。帮助我更加珍惜他们，不把他们为我付出的视为理所当然。愿祢使用我成为他人的祝福。阿们。,/static/images/picture4.jpg,"[{""text"": ""撒母耳记上 20章"", ""url"": ""https://www.wordproject.org/bibles/gb/09/20.htm""}, {""text"": ""撒母耳记上 21章"", ""url"": ""https://www.wordproject.org/bibles/gb/09/21.htm""}, {""text"": ""约翰福音 16:16-33"", ""url"": ""https://www.wordproject.org/bibles/gb/43/16.htm""}, {""text"": ""箴言 16:9-12"", ""url"": ""https://www.wordproject.org/bibles/gb/20/16.htm""}]"
2026-05-17,成为祝福,5月17日：成为耶稣所祷告的,撒母耳记上22-23章、约翰福音17章、箴言16:13-16,"耶稣在祂的大祭司祷告中，表达了祂对每一位信徒最深切的期盼。祂恳求阿爸父保护我们、使我们同心、分别为圣。祂也祈求我们能成为祂忠实的见证人。最重要的是，祂祷告愿父的爱常驻在我们心中。

天父已经垂听并应允了圣子。耶稣所祷告的，已借着祂在十字架上成就的救赎得以确立。这宝贵的代求，因着信心而在我们的生命中被成全并彰显了。

因此，我们必须自问一个更深的问题：“我们是否真的渴望成为耶稣所祷告的？”上帝已经赐下祂的恩典，呼召也在眼前。愿我们已预备好，能随时回应神说：“主啊，求祢塑造我，让我成为祢祷告的应允”。",天父，感谢祢应允了祢爱子的祈祷。我领受祢的保守、祢成圣的工作和祢丰盛的爱。主啊，我在这里，请差遣我！阿们。,/static/images/picture4.jpg,"[{""text"": ""撒母耳记上 22章"", ""url"": ""https://www.wordproject.org/bibles/gb/09/22.htm""}, {""text"": ""撒母耳记上 23章"", ""url"": ""https://www.wordproject.org/bibles/gb/09/23.htm""}, {""text"": ""约翰福音 17章"", ""url"": ""https://www.wordproject.org/bibles/gb/43/17.htm""}, {""text"": ""箴言 16:13-16"", ""url"": ""https://www.wordproject.org/bibles/gb/20/16.htm""}]"
2026-05-18,成为祝福,5月18日：智慧介入的大能,撒母耳记上24-25章、约翰福音18:1-27、诗篇68:1-18,"拿八傲慢无礼的话语激怒了大卫，几乎给他的全家带来灭顶之灾。但他的妻子亚比该却选择挺身而出。她本可以保持沉默，因为介入并非自己的本分。然而，她却勇敢地采取了行动。

她以谦卑、明辨和适时的言语，平息了大卫的怒火，化解了一场危机。她的智慧消弭了灾祸，挽救了众多生命。当我们面对类似时刻时，我们应当持守怎样的心志呢？

要快听、慢说。当与心怀不悦的人沟通时，请放下自我，认真聆听言语背后的心声。体恤别人比争辩输赢更为重要。当我们愿意为了和睦而作出调整时，往往会带来更好的解决之道。愿我们像亚比该一样，无论往何处去，都能成为上帝使人和好的器皿。",主耶稣，求祢教导我在开口前先静默祈祷。求祢以谦卑和智慧充满我心。愿我在每一个处境中，都能传递祢的平安。阿们。,/static/images/picture4.jpg,"[{""text"": ""撒母耳记上 24章"", ""url"": ""https://www.wordproject.org/bibles/gb/09/24.htm""}, {""text"": ""撒母耳记上 25章"", ""url"": ""https://www.wordproject.org/bibles/gb/09/25.htm""}, {""text"": ""约翰福音 18:1-27"", ""url"": ""https://www.wordproject.org/bibles/gb/43/18.htm""}, {""text"": ""诗篇 68:1-18"", ""url"": ""https://www.wordproject.org/bibles/gb/19/68.htm""}]"
2026-05-19,成为祝福,5月19日：你灵魂何其宝贵,撒母耳记上26-28章、约翰福音18:28-19:16a、诗篇68:19-35,"耶稣的话语揭示了灵魂的珍贵价值。祂来，是为了“寻找”并“拯救”。这意味着你的灵魂值得被追寻，也值得被救赎。圣经其他地方也提到，撒旦同样在觊觎我们的灵魂。上帝要赐予我们生命，而仇敌却要毁灭我们。我们的灵魂应当是何等宝贵，竟引得上帝与魔鬼如此关注！

你内心或许有个声音在说：“我无足轻重”、“我是个累赘”或“我一文不值”。这些都是来自仇敌的谎言。倘若上帝愿意付出如此重价来寻找、追寻我们，那么祂看你为值得守护的珍宝。你在耶稣眼中的价值，已由祂对你的追寻所印证。

上帝的爱并不止于拯救我们。祂拯救我们，是要我们参与祂的工作。我们这些已经得救的人，如今成为祂国度事工的器皿。愿基督借着我们延续祂寻找和拯救的工作。",主耶稣，感谢祢在我迷失时寻找我。求祢止息那低语我“无足轻重”的声音，帮助我透过祢的眼光来看自己。愿我能延续祢救赎的工作。阿们。,/static/images/picture4.jpg,"[{""text"": ""撒母耳记上 26章"", ""url"": ""https://www.wordproject.org/bibles/gb/09/26.htm""}, {""text"": ""撒母耳记上 27章"", ""url"": ""https://www.wordproject.org/bibles/gb/09/27.htm""}, {""text"": ""撒母耳记上 28章"", ""url"": ""https://www.wordproject.org/bibles/gb/09/28.htm""}, {""text"": ""约翰福音 18:28-19:16a"", ""url"": ""https://www.wordproject.org/bibles/gb/43/18.htm""}, {""text"": ""诗篇 68:19-35"", ""url"": ""https://www.wordproject.org/bibles/gb/19/68.htm""}]"
2026-05-20,成为祝福,5月20日：活在祂已成之工里,撒母耳记上29-31章、约翰福音19:16b-42、诗篇69:1-18,"我们能祝福他人的最佳方式之一，就是引导他们转向耶稣已成之工。借着基督的生、死与复活，我们的未来已经得着保障。上帝诚然为我们付上了一切的代价。

我们身边有许多人正被内疚、羞耻与绝望的重担所压垮。当我们把目光定睛在救主所成就的一切时，我们便能专注于祂的信实，而非自己的过犯。

在实际生活中，这意味着我们要提醒自己与他人：“我们无需竭力赚取上帝的接纳，耶稣已成就了一切”。我们可以在祂无条件的爱中安息。无需靠表现换取接纳，也无需试图赚取基督已为我们成就的救恩。我们的身份乃在基督里寻见。不是我们选择了祂，是祂拣选了我们。一切都已成就了，因此我们得以自由。愿这真理为困乏的心灵带来平安，为疲惫的灵魂赐下安息。",主耶稣，感谢祢在十字架上成就的救恩。我选择安息于祢为我所做的一切。求祢帮助我活在这真理中，并引导他人也归向祢。阿们。,/static/images/picture4.jpg,"[{""text"": ""撒母耳记上 29章"", ""url"": ""https://www.wordproject.org/bibles/gb/09/29.htm""}, {""text"": ""撒母耳记上 30章"", ""url"": ""https://www.wordproject.org/bibles/gb/09/30.htm""}, {""text"": ""撒母耳记上 31章"", ""url"": ""https://www.wordproject.org/bibles/gb/09/31.htm""}, {""text"": ""约翰福音 19:16b-42"", ""url"": ""https://www.wordproject.org/bibles/gb/43/19.htm""}, {""text"": ""诗篇 69:1-18"", ""url"": ""https://www.wordproject.org/bibles/gb/19/69.htm""}]"
2026-05-21,全心爱主,5月21日：耶稣——我们的安慰者,撒母耳记下1-2章、约翰福音20:1-23、诗篇69:19-36,"抹大拉的马利亚站在空墓穴外哭泣。在悲痛中，她为基督遗体的失踪而焦虑不安。就在这时，耶稣走近她。祂温柔地呼唤她的名字。刹那间，她的绝望化为无尽的喜乐。

如今，我们的主耶稣仍是那将绝望化为喜乐的安慰者。祂不会漠视我们的眼泪，也不会在痛苦中离弃我们。祂渴望亲近我们，亲自向我们的心灵说话。然而，我们有时却转向别处寻求安慰，而非首先来到上帝面前。

上帝的安慰，是那超越人所能理解的平安。那是一种超自然、属天的安慰，在患难与悲伤中托住我们。当你在眼泪与忧伤中向祂呼求时，你必会经历祂的同在与亲近；祂的安慰也必医治你的心灵。",主耶稣，感谢祢在我忧伤时亲近我。求祢用祢的同在安慰我，医治我心灵。我需要祢，我的主。我需要祢。阿们。,/static/images/picture1.jpg,"[{""text"": ""撒母耳记下 1章"", ""url"": ""https://www.wordproject.org/bibles/gb/10/1.htm""}, {""text"": ""撒母耳记下 2章"", ""url"": ""https://www.wordproject.org/bibles/gb/10/2.htm""}, {""text"": ""约翰福音 20:1-23"", ""url"": ""https://www.wordproject.org/bibles/gb/43/20.htm""}, {""text"": ""诗篇 69:19-36"", ""url"": ""https://www.wordproject.org/bibles/gb/19/69.htm""}]"
2026-05-22,全心爱主,5月22日：选择信靠那看不见的上帝,撒母耳记下3-4章、约翰福音20:24-31、诗篇70篇,"多马深爱耶稣。然而，当其他门徒说他们看见了复活的基督时，他却不肯相信。尽管耶稣早已告诉他们自己三天后必复活，多马仍想要亲眼见证。我们有时也像多马一样。

有些时刻，圣经中的某些真理确实难以接受。我们总想在相信之前，先得到确据和可见的保证。但这并非信心之道。信心呼召我们相信上帝所宣告的，即便我们的眼睛尚未得见印证。

我们大多数人终其一生都无法用肉眼看见耶稣，但仍然被呼召要全心全意爱祂。那没有看见就信的人是有福的。愿我们继续信靠祂，凭祂的话语坚定信心，即使在没有眼见的时候也不动摇。",主耶稣，求祢帮助我在看不见的时侯仍信靠祢。坚固我的信心，让我能深信祢的话语，并全心全意爱祢。阿们。,/static/images/picture1.jpg,"[{""text"": ""撒母耳记下 3章"", ""url"": ""https://www.wordproject.org/bibles/gb/10/3.htm""}, {""text"": ""撒母耳记下 4章"", ""url"": ""https://www.wordproject.org/bibles/gb/10/4.htm""}, {""text"": ""约翰福音 20:24-31"", ""url"": ""https://www.wordproject.org/bibles/gb/43/20.htm""}, {""text"": ""诗篇 70篇"", ""url"": ""https://www.wordproject.org/bibles/gb/19/70.htm""}]"
2026-05-23,全心爱主,5月23日：上帝是深渊之处的磐石,撒母耳记下5-6章、约翰福音21章、诗篇71篇,"诗篇71篇是一位历经压力、逼迫与深陷软弱之人的祈祷。诗人呼求：“求祢作我常住的磐石，祢已经命定要救我”。有时，上帝允许我们坠入深渊之底，为的是让我们在那低谷之处与祂相遇。上帝就是那深渊之处的磐石。

上帝甚至在我们最卑微的时刻也同在。我们大多宁愿身处山顶，而非跌入谷底。但圣经反复向我们显明，上帝最有力的工作往往是在深渊之处成就的。约瑟从坑中与牢狱走向命定；摩西从失败走向呼召；大卫从山洞走向王位；彼得从不认主到成为基督建立教会的磐石。

请相信，你今日所经历的深渊之底，正是你与上帝相遇之地。",天父，当我周遭的一切仿佛都崩溃时，求祢帮助我记得祢是我的磐石和避难所。求祢教导我，不仅在巅峰时信靠祢，在低谷中也能如此。愿我的软弱引领我更深地信靠祢。阿们。,/static/images/picture1.jpg,"[{""text"": ""撒母耳记下 5章"", ""url"": ""https://www.wordproject.org/bibles/gb/10/5.htm""}, {""text"": ""撒母耳记下 6章"", ""url"": ""https://www.wordproject.org/bibles/gb/10/6.htm""}, {""text"": ""约翰福音 21章"", ""url"": ""https://www.wordproject.org/bibles/gb/43/21.htm""}, {""text"": ""诗篇 71篇"", ""url"": ""https://www.wordproject.org/bibles/gb/19/71.htm""}]"
2026-05-24,全心爱主,5月24日：复兴从祷告开始,撒母耳记下7-8章、使徒行传1章、诗篇72篇,"耶稣升天后，一百二十名门徒聚集在楼房上恒切祷告。他们在等候所应许的圣灵带着能力降临。这意义重大，因为他们没有因恐惧而四散，反而同心合意地祷告，展现出对上帝成就应许的信心与依靠。

这与我们往往倚靠自己能力和策略的倾向是何等不同。门徒们明白，上帝的工作必须倚靠上帝的能力来成就。他们甘愿等候，直到被圣灵充满，才出去服事。

每一次复兴都始于祷告。我们必须学会慢下来，寻求祂，放下自己的努力，等候祂的圣灵。当我们在代祷中持续竭力追求时，主必按祂的时间，赐下能力与生命的转化。你愿意等候耶和华，恒切祷告，直到祂复兴你的灵魂吗？",天父，我渴慕生命的复兴。当我首先寻求祢时，愿祢的能力降临在我身上。求祢彻底改变我，从内到外更新我。我将持续祷告，直到看到生命中的突破。阿们。,/static/images/picture1.jpg,"[{""text"": ""撒母耳记下 7章"", ""url"": ""https://www.wordproject.org/bibles/gb/10/7.htm""}, {""text"": ""撒母耳记下 8章"", ""url"": ""https://www.wordproject.org/bibles/gb/10/8.htm""}, {""text"": ""使徒行传 1章"", ""url"": ""https://www.wordproject.org/bibles/gb/44/1.htm""}, {""text"": ""诗篇 72篇"", ""url"": ""https://www.wordproject.org/bibles/gb/19/72.htm""}]"
2026-05-25,全心爱主,5月25日：像初代教会一样的专一,撒母耳记下9-10章、使徒行传2:1-41、箴言16:17-20,"初代教会的显著特征是对上帝的虔诚。他们专心投入使徒的教导、团契、圣餐与祷告。他们渴慕上帝的话语，珍惜彼此相聚的时光，并将生命的重心放在基督身上。

这种虔诚通过共同生活和积极的服事得以彰显。他们定期聚会，共享财物，确保没有人缺乏所需。他们的合一，是彼此相爱、服事并承担对方重担的承诺。

他们的事工与善行因此产生了持久的影响。他们蒙众人喜爱，“主将每天加添得救的人数”。今天的教会，也让我们以初代信徒同样的虔诚与忠心来爱上帝吧！",主耶稣，求祢教导我，像初代教会一样持守虔诚。塑造我的心，使我珍爱祢的子民，忠心服事祢的教会。我选择以谦卑、合一与喜乐，延续初代信徒的属灵遗产。阿们。,/static/images/picture1.jpg,"[{""text"": ""撒母耳记下 9章"", ""url"": ""https://www.wordproject.org/bibles/gb/10/9.htm""}, {""text"": ""撒母耳记下 10章"", ""url"": ""https://www.wordproject.org/bibles/gb/10/10.htm""}, {""text"": ""使徒行传 2:1-41"", ""url"": ""https://www.wordproject.org/bibles/gb/44/2.htm""}, {""text"": ""箴言 16:17-20"", ""url"": ""https://www.wordproject.org/bibles/gb/20/16.htm""}]"
2026-05-26,全心爱主,5月26日：悔改带来新生命,撒母耳记下11-12章、使徒行传2:42-3:26、箴言16:21-24,"悔改远不止是为自己的罪感到难过和懊悔。悔改乃是心意更新而变化，渴望离弃罪恶，跟随上帝。真实的悔改会为我们的思想、渴望、习惯和行为带来持久的改变。

作为基督徒，我们问题的根本不是罪——因为基督已在十字架上除去了我们的罪，我们不再被定罪。我们的问题根源是悔改，我们悔改得太慢。悔改并非一次性的行为，而是一生持续不断的回应。我们必须快快地认罪，祈求上帝的赦免。上帝既不会保留祂的宽恕，也不会对我们怀怨。

当我们回转归向祂时，祂不仅抹去我们的过去，也为我们注入了新的生命。让我们天天保持这样的姿态——在上帝面前持有受教的心，使我们的生命与祂的旨意对齐。",天父，我愿意将我的心回转归向祢。求祢赦免我、洁净我、释放我脱离旧有的生活方式。求祢给我一颗纯洁的心，从里到外更新我。阿们。,/static/images/picture1.jpg,"[{""text"": ""撒母耳记下 11章"", ""url"": ""https://www.wordproject.org/bibles/gb/10/11.htm""}, {""text"": ""撒母耳记下 12章"", ""url"": ""https://www.wordproject.org/bibles/gb/10/12.htm""}, {""text"": ""使徒行传 2:42-3:26"", ""url"": ""https://www.wordproject.org/bibles/gb/44/2.htm""}, {""text"": ""箴言 16:21-24"", ""url"": ""https://www.wordproject.org/bibles/gb/20/16.htm""}]"
2026-05-27,全心爱主,5月27日：敬虔的领袖也会经历痛苦,撒母耳记下13-15章、使徒行传4章、箴言16:25-28,"如果你认为成功或虔诚的领袖，人生必定一帆风顺，你就误解了。事实上，领导者往往会经历许多不为人知的辛酸。其中一件最艰难的是，在领导的过程中伤我们最深的，常常是那些我们最爱、最在乎的人。即便是成功且虔诚的领袖，也难免经历背叛与心碎的痛苦。大卫不仅失去了一个王国，也失去了一个儿子和百姓的忠诚。

当跟我们最亲近的人背叛我们时，自然会感到困惑、受伤，甚至愤怒。当痛苦直面袭来，我们当如何应对？

我们将痛苦交托给耶稣。我们可以向祂哭泣，倾诉所有的心碎。我们可以求祂医治，祂理解我们的痛苦，会在我们的破碎中与我们相遇。上帝必修补破碎的，恢复所失去的。愿我们紧紧抓住上帝，因祂正带领我们进入祂的救赎之光。",主耶稣，我感谢祢永不离开我，也不丢弃我。求祢在我悲伤和痛苦时安慰和坚固我的心，保守我免受苦毒的侵蚀。我愿永远信靠祢。阿们。,/static/images/picture1.jpg,"[{""text"": ""撒母耳记下 13章"", ""url"": ""https://www.wordproject.org/bibles/gb/10/13.htm""}, {""text"": ""撒母耳记下 14章"", ""url"": ""https://www.wordproject.org/bibles/gb/10/14.htm""}, {""text"": ""撒母耳记下 15章"", ""url"": ""https://www.wordproject.org/bibles/gb/10/15.htm""}, {""text"": ""使徒行传 4章"", ""url"": ""https://www.wordproject.org/bibles/gb/44/4.htm""}, {""text"": ""箴言 16:25-28"", ""url"": ""https://www.wordproject.org/bibles/gb/20/16.htm""}]"
2026-05-28,连结社群,5月28日：上帝严肃看待正直,撒母耳记下16-17章、使徒行传5:1-32、箴言16:29-33,"亚拿尼亚和撒非喇的罪，不是因为他们保留了部分钱财——他们有自由这么做。他们的罪是欺骗。他们试图用虚假的虔诚给人留下好印象，结果不仅欺骗了人，也欺骗了上帝。我们对人隐瞒的罪，上帝完全看在眼里。祂是无所不知，无所不见的神。对上帝来说，正直是不可妥协的。

正直需要我们以纯正与完全来生活，不论环境如何，都以祂的标准要求自己。上帝对圣洁看得极为重视，祂必会除去任何败坏祂新妇纯洁的虚伪。

上帝期望祂的儿女和教会，在个人行为和教会事工上都坚守祂的正直标准。敬畏主的义人必会领受神的大能。愿我们的一生都能活出真正讨神喜悦的样式。",天父，求祢鉴察我的心，洁净我一切隐藏的动机与虚伪。教导我渴慕祢的赞美，胜过人的称赞。帮助我在生命的各个领域都行在正直中。阿们。,/static/images/picture2.jpg,"[{""text"": ""撒母耳记下 16章"", ""url"": ""https://www.wordproject.org/bibles/gb/10/16.htm""}, {""text"": ""撒母耳记下 17章"", ""url"": ""https://www.wordproject.org/bibles/gb/10/17.htm""}, {""text"": ""使徒行传 5:1-32"", ""url"": ""https://www.wordproject.org/bibles/gb/44/5.htm""}, {""text"": ""箴言 16:29-33"", ""url"": ""https://www.wordproject.org/bibles/gb/20/16.htm""}]"
2026-05-29,连结社群,5月29日：不带期望的爱,撒母耳记下18-19章、使徒行传5:33-6:15、箴言17:1-4,"大卫在流亡耶路撒冷期间，巴西莱曾为他和随从提供食物、床铺和日常用品。大卫想要报答他，便邀请他住在王宫中安享晚年，但巴西莱却谦卑地婉拒了。

巴西莱的故事有力地教导我们，爱应当慷慨地给予，不带任何期望回报的心。有些人将每段关系都视为交易，只有在能够得到回报时才给予，或者给予只是为了获得好处。当我们借着服事、祝福或帮助而给予时，我们必须是出于爱，只因这样做能讨上帝的喜悦、荣耀上帝。

我们每一天都有机会去行出爱。耶稣完美地诠释了这样的爱。我们的阿爸父会看见我们所行的每一件善事。清心施与的人有福了。愿我们选择日日忠心、无私地去爱，这样便能讨主喜悦。",天父，求祢赐我一颗慷慨去爱和甘心乐意地服事、不求回报的心。愿我的一生在一切所行的事上都讨祢喜悦。阿们。,/static/images/picture2.jpg,"[{""text"": ""撒母耳记下 18章"", ""url"": ""https://www.wordproject.org/bibles/gb/10/18.htm""}, {""text"": ""撒母耳记下 19章"", ""url"": ""https://www.wordproject.org/bibles/gb/10/19.htm""}, {""text"": ""使徒行传 5:33-6:15"", ""url"": ""https://www.wordproject.org/bibles/gb/44/5.htm""}, {""text"": ""箴言 17:1-4"", ""url"": ""https://www.wordproject.org/bibles/gb/20/17.htm""}]"
2026-05-30,连结社群,5月30日：跨越世代的生命,撒母耳记下20-21章、使徒行传7:1-29、箴言17:5-8,"“子孙为老人的冠冕，父亲是儿女的荣耀”这节经文，揭示了上帝对世代交替的美好设计。孙辈代表着生命的硕果与延续，而儿女则在父亲那里得着保护与属灵的遮盖。

生命并非世代之间的竞赛。每一代都弥足珍贵，都扮演着重要的角色，使所有世代都能在上帝的国度里共同兴盛。当每个世代都承接上帝所赐的位分时，教会和家庭就会变得刚强且合一。年轻人以异象和热忱建造，年长者则传递信心与智慧。

无论我们代表哪个世代，愿我们总能口吐恩言，尊荣我们的前辈和后辈，使主的名被尊崇。",天父，我为我的家庭和教会感谢祢。求祢教导我如何敬重并尊荣我的前辈和后辈。请保守我远离攀比，帮助我以谦卑和喜乐的心接受主所赋予我的角色。阿们。,/static/images/picture2.jpg,"[{""text"": ""撒母耳记下 20章"", ""url"": ""https://www.wordproject.org/bibles/gb/10/20.htm""}, {""text"": ""撒母耳记下 21章"", ""url"": ""https://www.wordproject.org/bibles/gb/10/21.htm""}, {""text"": ""使徒行传 7:1-29"", ""url"": ""https://www.wordproject.org/bibles/gb/44/7.htm""}, {""text"": ""箴言 17:5-8"", ""url"": ""https://www.wordproject.org/bibles/gb/20/17.htm""}]"
2026-05-31,连结社群,5月31日：信心绝不被压制,撒母耳记下22章、使徒行传7:30-60、箴言17:9-12,"司提反殉道并非因为作恶，而是因为他大胆宣告耶稣是主，指出人们的骄傲与不信，揭露他们刚硬的心。顺从肉体的人会被遵行圣灵的基督徒所冒犯。

救恩虽是免费的礼物，但做耶稣的门徒却要付上一切代价。你还愿意跟从耶稣吗？对于司提反而言，跟随基督不仅值得，甚至要赔上生命本身。

我们若跟从耶稣，就必须做好被批评、被误解、被憎恨，甚至被拒绝的准备。愿我们仍能满怀信心地说：“上帝是我的产业，是我的一切，我必不至缺乏”。

司提反的殉道，成为福音传播的转折点。分散的信徒，无论往哪里去，都传扬福音。愿我们拥有如此坚定的信心，以致没有任何事物能阻止我们为主作见证。",主耶稣，求祢赐我像司提反一样坚定不移的勇气，使我的生命，甚至我的苦难，都能指引他人认识祢。不要让任何事拦阻我为主耶稣作见证。愿我无论身处何地，都能彰显祢的福音。阿们。,/static/images/picture2.jpg,"[{""text"": ""撒母耳记下 22章"", ""url"": ""https://www.wordproject.org/bibles/gb/10/22.htm""}, {""text"": ""使徒行传 7:30-60"", ""url"": ""https://www.wordproject.org/bibles/gb/44/7.htm""}, {""text"": ""箴言 17:9-12"", ""url"": ""https://www.wordproject.org/bibles/gb/20/17.htm""}]"
2026-06-01,连结社群,6月1日：虚假的悔改,撒母耳记下23–24章、使徒行传8:1–25、诗篇73:1-14,"我们或许会以为西门是一个已经悔改归信的人。毕竟，他信了，也受了洗。他听过了圣经的道，看过了神迹，也宣告了自己新得的信仰。然而，西门其实根本没有真正被改变。他更着迷的是通过“相信”所能获得的属灵权柄，而不是出于悔改或真实的信心。他相信耶稣的能力，却没有真正相信耶稣。所以，他才试图用金钱购买拥有圣灵的能力。

令人警醒的是，许多基督徒在某些方面与西门相似。他们积极参与教会生活，与信徒来往交往；然而，他们是被基督信仰能带来的好处吸引——祝福、祷告蒙应允、团契、医治或属灵经历。他们却没有真心悔改或降服转向基督。

让我们在上帝面前诚实地省察自己的内心，看看我们的信心究竟是真实的还是虚假的，是否扎实，还是肤浅的。",主耶稣，求祢鉴察我的心，除去一切虚假。帮助我以真实的悔改和降服转向祢。求祢帮助我全然地跟随祢。阿们。,/static/images/picture2.jpg,"[{""text"": ""撒母耳记下 23章"", ""url"": ""https://www.wordproject.org/bibles/gb/10/23.htm""}, {""text"": ""撒母耳记下 24章"", ""url"": ""https://www.wordproject.org/bibles/gb/10/24.htm""}, {""text"": ""使徒行传 8:1-25"", ""url"": ""https://www.wordproject.org/bibles/gb/44/8.htm""}, {""text"": ""诗篇 73:1-14"", ""url"": ""https://www.wordproject.org/bibles/gb/19/73.htm""}]"
2026-06-02,连结社群,6月2日：信心的内在挣扎,列王纪上1章、使徒行传8:26–40、诗篇73:15–28,"诗篇73篇讲述的是当人生显得不公平时，内心所经历的信心危机。正如亚萨一样，我们也可能曾为此挣扎——看见不敬虔的人兴旺发达，而我们尽力忠心度日，却仍然经历艰难与困苦。

亚萨的转折点发生在他进入上帝的同在之时，他对人生的看法也随之改变。他意识到，地上的兴盛是短暂而脆弱的，而与上帝同在的生命却具有永恒的分量。那些曾看似成功的事物，在没有上帝的情况下显得毫无意义。他获得了关于上帝良善以及恶人最终结局的深刻启示。

原本是一声哀叹，最终却转化为对主同在的有力宣告与更新的信心。愿我们也像亚萨一样，灵里得以更新，明白基督自己才是我们真正的赏赐。",天父，当我的心因感到不公平而挣扎时，求祢吸引我进入祢的同在。改变我的眼光，止息我的埋怨，帮助我以祢永恒的真理来看待人生。教导我单单在祢里面找到我的信心与赏赐。阿们。,/static/images/picture2.jpg,"[{""text"": ""列王纪上 1章"", ""url"": ""https://www.wordproject.org/bibles/gb/11/1.htm""}, {""text"": ""使徒行传 8:26-40"", ""url"": ""https://www.wordproject.org/bibles/gb/44/8.htm""}, {""text"": ""诗篇 73:15-28"", ""url"": ""https://www.wordproject.org/bibles/gb/19/73.htm""}]"
2026-06-03,连结社群,6月3日：恩典能触及最刚硬的心,列王纪上2章、使徒行传9:1–19、诗篇74篇,"扫罗是主最不可能拯救和使用的器皿之一。他不仅没有寻求上帝，甚至在耶稣遇见他的时候，还忙于逼迫教会、抵挡上帝。

如果你正在为某位你深爱关心的人的救恩祷告，让扫罗的故事成为鼓励你持守祷告、不放弃盼望的有力见证。即使没有明显的迹象，上帝仍在运行。那些看似封闭、不信的心，上帝仍然完全看见。祂确切知道何时、如何介入。没有人是上帝无法触及的。

就像耶稣在那条抵挡之路上遇见扫罗一样，相信同样的恩典今天也会临到为之祷告的人身上。上帝的恩典仍在运行！",天父，感谢祢的恩典能够触及最刚硬的心。求祢来触摸我今天所代祷的人。我将盼望全然交托在祢这永不止息的恩典里。阿们。,/static/images/picture2.jpg,"[{""text"": ""列王纪上 2章"", ""url"": ""https://www.wordproject.org/bibles/gb/11/2.htm""}, {""text"": ""使徒行传 9:1-19"", ""url"": ""https://www.wordproject.org/bibles/gb/44/9.htm""}, {""text"": ""诗篇 74篇"", ""url"": ""https://www.wordproject.org/bibles/gb/19/74.htm""}]"
2026-06-04,进入命定,6月4日：智慧胜过能力,列王纪上3–4章、使徒行传9:20–43、诗篇75篇,"所罗门求智慧的时候，蒙上帝喜悦。具备做事的能力是不够的。智慧是辨别何时、如何、为何以及是否该去做的洞察力。即使是极有才能和聪明的人，也可能做出错误的决定。

圣经中的智慧超越了智力、教育或人生经验。它是上帝赐予的能力，使我们能够从上帝的视角看待人生，并依此而行。真正的智慧来自圣灵。寻求智慧不仅仅是为了做出更好的决定，更是向上帝祈求智慧，让祂引导我们的思想。智慧使我们与上帝的旨意和心意保持一致，帮助我们像祂一样看待周围的事物。

你是否需要更多智慧？今天开始培养你对神的敬畏，并渴望从祂那里得到智慧。",天父，祢是所有智慧和理解的源头。我在每一个决定、每一个季节都需要祢的引导。求祢赐我从祢而来的智慧，使我常行合祢心意的事，以荣耀祢。阿们。,/static/images/picture3.jpg,"[{""text"": ""列王纪上 3章"", ""url"": ""https://www.wordproject.org/bibles/gb/11/3.htm""}, {""text"": ""列王纪上 4章"", ""url"": ""https://www.wordproject.org/bibles/gb/11/4.htm""}, {""text"": ""使徒行传 9:20-43"", ""url"": ""https://www.wordproject.org/bibles/gb/44/9.htm""}, {""text"": ""诗篇 75篇"", ""url"": ""https://www.wordproject.org/bibles/gb/19/75.htm""}]"
2026-06-05,进入命定,6月5日：上帝不偏待人,列王纪上5–6章、使徒行传10章、诗篇76篇,"神对每个人都一视同仁，从不以个人条件给人分等级。对上帝来说，重要的不是一个人的出身，而是他们内心的光景与态度。只要人敬畏祂、追求祂的真理、行在祂的正道上，上帝都接纳他们。

因为上帝的爱是平等的，神的恩典是为每一个人预备的。没有人因特权而得到更多恩典，也没有人因过去或身份而得到较少。上帝的恩典白白地赐给我们每一个人，让我们都能经历基督那改变生命的爱。

当我们明白神不偏待人时，我们就不再彼此比较，也不再彼此竞争。我们无需比较或竞争彼此的呼召，也不必因别人的成功而受到威胁。我们每个人都有上帝赐予的独特位置和使命。",天父，感谢祢不因特权而获得，也不因我的过错而被剥夺，白白赐予的恩典。求祢使我远离攀比和竞争，好让我能满怀信心地活出祢赋予我的使命。阿们。,/static/images/picture3.jpg,"[{""text"": ""列王纪上 5章"", ""url"": ""https://www.wordproject.org/bibles/gb/11/5.htm""}, {""text"": ""列王纪上 6章"", ""url"": ""https://www.wordproject.org/bibles/gb/11/6.htm""}, {""text"": ""使徒行传 10章"", ""url"": ""https://www.wordproject.org/bibles/gb/44/10.htm""}, {""text"": ""诗篇 76篇"", ""url"": ""https://www.wordproject.org/bibles/gb/19/76.htm""}]"
2026-06-06,进入命定,6月6日：没有界限的福音,列王纪上7章、使徒行传11:1–18、诗篇77篇,"彼得从上帝那里领受了一个异象，这个异象深深改变了他。主说：“上帝所洁净的，你不可当作俗物”。这表明福音不仅是为犹太人，也是为了传给外邦人。

当圣灵在我们心里动工时，我们可能会意识到自己对某些族群存有潜在偏见。但福音是给每个人的。它呼召我们悔改，不再因人的种族或背景而有偏见或偏见的态度。

那么，我们如何把神的恩典带给别人？首先，我们要提醒自己，每一个人都是按照上帝的形象被创造的。每个人都同样被罪所破碎，也同样需要祂的救赎恩典。愿主扩大我们的心，让我们不偏不倚地去爱。也愿藉着我们，祂的救恩信息能够传到每一个族群、每一种语言和每一个国家。",主耶稣，帮助我走出自己的舒适区。赐我能力将福音传给每一个人，不论他们的背景如何。让我成为祢恩典与爱的器皿。我愿顺服并信靠祢。阿们。,/static/images/picture3.jpg,"[{""text"": ""列王纪上 7章"", ""url"": ""https://www.wordproject.org/bibles/gb/11/7.htm""}, {""text"": ""使徒行传 11:1-18"", ""url"": ""https://www.wordproject.org/bibles/gb/44/11.htm""}, {""text"": ""诗篇 77篇"", ""url"": ""https://www.wordproject.org/bibles/gb/19/77.htm""}]"
2026-06-07,进入命定,6月7日：充满上帝的荣耀,列王纪上8章、使徒行传11:19–30、诗篇78:1–22,"当约柜被带入圣殿时，上帝的荣耀充满了殿，以至于祭司无法继续事奉。祂的同在如云彩般显现，清楚地表明——上帝亲自降临了。

你是否渴望经历更多神的荣耀，更多与祂相遇？我们需要的不是更多的宗教活动，而是更多祂的同在。当祂的荣耀充满我们的生命时，我们会从内到外彻底改变。

今天为上帝腾出更多空间。空出你的行程表，安静你的心。将自己献在祂面前，让圣灵再次充满你。让祂的话语充满你的心思意念，直到真理在你里面满溢。愿祂的荣耀临到你身上，愿祂的同在成为你生命中最宝贵的财富。",天父，向我显明祢的荣耀。我为祢腾出空间。求祢来充满我，让祢的同在降临在我身上。赐我与祢全新的相遇。阿们。,/static/images/picture3.jpg,"[{""text"": ""列王纪上 8章"", ""url"": ""https://www.wordproject.org/bibles/gb/11/8.htm""}, {""text"": ""使徒行传 11:19-30"", ""url"": ""https://www.wordproject.org/bibles/gb/44/11.htm""}, {""text"": ""诗篇 78:1-22"", ""url"": ""https://www.wordproject.org/bibles/gb/19/78.htm""}]"
2026-06-08,进入命定,6月8日：祷告开启人无法开启的门,列王纪上9–10章、使徒行传12章、箴言17:13–16,"彼得奇迹般地越狱，展现了上帝神迹干预与人类权威之间的鲜明对比。从人的角度看，当希律王将彼得囚禁时，所有的门都关闭了。正当希律掌握权力时，教会通过祷告回应。正是因为祷告，也正是通过祷告，上帝大大地运行。这一突破并非通过世俗手段实现。

当上帝的能力进入我们看似不可能的处境时，祷告的力量能改变我们的现状。祷告不仅能开启人无法关闭的门，也能关闭那些上帝本不愿我们开启的门。

无论你身处何种情况，都要为此祷告，围绕此事祷告，直到突破降临。上帝从不耽延。当你耐心等待上帝按祂完美的时机行动时，在等待的过程中也要赞美祂。",天父，我把所有在人不能的事都带到祢面前，因为我深知，在神，凡事都能！即使我还看不到祢的作为，我仍求祢指教我来信靠祢。求祢帮助我在等候祢应允祷告的时候，仍然恒切祷告，不灰心。阿们。,/static/images/picture3.jpg,"[{""text"": ""列王纪上 9章"", ""url"": ""https://www.wordproject.org/bibles/gb/11/9.htm""}, {""text"": ""列王纪上 10章"", ""url"": ""https://www.wordproject.org/bibles/gb/11/10.htm""}, {""text"": ""使徒行传 12章"", ""url"": ""https://www.wordproject.org/bibles/gb/44/12.htm""}, {""text"": ""箴言 17:13-16"", ""url"": ""https://www.wordproject.org/bibles/gb/20/17.htm""}]"
2026-06-09,进入命定,6月9日：关键时刻站出来,列王纪上11章、使徒行传13:1–12、箴言17:17–20,"在你人生痛苦的时期，谁曾在你身边？他们的陪伴如何祝福了你？当生活顺利时，维持表面的关系很容易，但在风雨中仍然与我们同行的忠实朋友却很少。

我们常常祈求上帝参与我们的计划，但你是否意识到，能够参与上帝正在做的事，并被祂使用去帮助有需要的人，是一份极大的特权？想想那些你祈求上帝使用你的时刻，祂差你去接触正在受苦的人。提供实际的帮助与鼓励，表达关心，为他们祷告，并倾听他们的心声。

当我们跌倒或经历挣扎时，基督并不会离开我们，反而会亲近我们。愿我们也成为上帝使用的人，成为在他人困境中带来力量的弟兄姐妹。",天父，感谢祢总是亲近我，尤其在我需要的时候。感谢祢在我困境中所安排在我生命中的人。求祢赐我一颗怜悯的心，也能为他人付出同样的关爱。阿们。,/static/images/picture3.jpg,"[{""text"": ""列王纪上 11章"", ""url"": ""https://www.wordproject.org/bibles/gb/11/11.htm""}, {""text"": ""使徒行传 13:1-12"", ""url"": ""https://www.wordproject.org/bibles/gb/44/13.htm""}, {""text"": ""箴言 17:17-20"", ""url"": ""https://www.wordproject.org/bibles/gb/20/17.htm""}]"
2026-06-10,进入命定,6月10日：喜乐是良药,列王纪上12–13章、使徒行传13:13–52、箴言17:21–24,"箴言教导我们：“喜乐的心乃是良药，忧伤的灵使骨枯干”。喜乐是不可或缺的，它也是圣灵所结的果子之一。想象一下，假设你拥有其他所有的果子，却缺少喜乐。不久，你所做的许多事情将会慢慢变得枯燥和劳累。喜乐赐给我们力量和喜悦。

当生命中缺少喜乐时，往往反映出内心更深层的问题。这可能源于与神的关系变得疏远、心中有未解决的罪或苦毒，或者被孤独背负的重担和挣扎压得喘不过气来。

要记住，喜乐的源头是上帝，祂渴望你活出丰盛的喜乐。祂应许，当我们将心重新交托给祂时，哀哭必转为喜乐。当你再次向圣灵降服时，求祂用新的喜乐充满你。我们的主必医治并恢复你的心灵。",天父，祢是真正喜乐的源头。求祢恢复我的心，将我沉重的心转化为喜乐，并以圣灵的喜乐重新充满我。愿祢的喜乐成为我今天的力量。阿们。,/static/images/picture3.jpg,"[{""text"": ""列王纪上 12章"", ""url"": ""https://www.wordproject.org/bibles/gb/11/12.htm""}, {""text"": ""列王纪上 13章"", ""url"": ""https://www.wordproject.org/bibles/gb/11/13.htm""}, {""text"": ""使徒行传 13:13-52"", ""url"": ""https://www.wordproject.org/bibles/gb/44/13.htm""}, {""text"": ""箴言 17:21-24"", ""url"": ""https://www.wordproject.org/bibles/gb/20/17.htm""}]"
2026-06-11,成为祝福,6月11日：成为不轻易受冒犯的人,列王纪上14–15章、使徒行传14章、箴言17:25–28,"保罗在路司得被人用石头打，被他原本来服事的人拖到城外丢下，几乎丧命。上帝奇妙地医治了他。保罗没有因此受冒犯或心生苦毒退缩，反而回到城里继续事奉。

当我们把我们的自我价值建立在别人对我们的认可或对待上时，冒犯就容易在心中生根。然而，当我们将自己是谁、我们的价值和意义建立在耶稣基督及祂对我们的看法上时，别人的拒绝、否定或不接纳，就不会再深深地伤害或左右我们。

当有人冒犯我们时，我们该怎么做？将它交托给神，选择饶恕。心里这种“怀着怨气或记恨”的态度其实会像沉重的负担压在我们心里，慢慢拖累我们的生命。放下吧，别在脑海中重播那一幕。提醒自己，守住内心的平安比为自己辩护更重要。今天就释放一切冒犯，领受心灵的医治。",主耶稣，求祢保护我的心，不受冒犯。帮助我将一切伤害交托给祢，并将我的身份完全扎根在基督里。赐我恩典，快速饶恕，得着自由去爱祢、服事祢。阿们。,/static/images/picture4.jpg,"[{""text"": ""列王纪上 14章"", ""url"": ""https://www.wordproject.org/bibles/gb/11/14.htm""}, {""text"": ""列王纪上 15章"", ""url"": ""https://www.wordproject.org/bibles/gb/11/15.htm""}, {""text"": ""使徒行传 14章"", ""url"": ""https://www.wordproject.org/bibles/gb/44/14.htm""}, {""text"": ""箴言 17:25-28"", ""url"": ""https://www.wordproject.org/bibles/gb/20/17.htm""}]"
2026-06-12,成为祝福,6月12日：凡事用善意去宽容别人,列王纪上16–17章、使徒行传15:1–35、箴言18:1–4,"约翰·马可曾在首次宣教旅程中离开了使命，因此保罗不愿再次让他参与事工，但巴拿巴却不肯放弃马可。他看到了马可过去失败之外的潜力，并相信上帝在他生命中仍在持续工作。

我们如何用善意去宽容别人？人非圣贤，谁能无过？我们要记住自己也有软弱，也曾领受恩典，在我们失败时被扶持。与其不断强调他人的缺点，不如有意去寻找上帝在他们身上做工、改变他们生命的迹象。

我们要操练忍耐，鼓励他们在基督里成长。我们不要因为他们的过去或过错而给他们贴标签，也不要限制他们在主里的潜能。愿我们像巴拿巴一样——成为鼓励和造就人的儿女，在别人只看到失败时，我们却能看到潜力。",主耶稣，求祢帮助我用恩典的眼光看待他人。赐我耐心，不仅相信他人的美好，也为他们感谢祢。阿们。,/static/images/picture4.jpg,"[{""text"": ""列王纪上 16章"", ""url"": ""https://www.wordproject.org/bibles/gb/11/16.htm""}, {""text"": ""列王纪上 17章"", ""url"": ""https://www.wordproject.org/bibles/gb/11/17.htm""}, {""text"": ""使徒行传 15:1-35"", ""url"": ""https://www.wordproject.org/bibles/gb/44/15.htm""}, {""text"": ""箴言 18:1-4"", ""url"": ""https://www.wordproject.org/bibles/gb/20/18.htm""}]"
2026-06-13,成为祝福,6月13日：从天呼求火焰,列王纪上18章、使徒行传15:36–16:15、箴言18:5–8,"虽然许多人目睹了从天而降的火焰，但那一刻真正的力量在于以利亚的祷告。他的呼求是——求上帝显明自己，使百姓的心回转归向祂。

今天，我们可能不需要天上降下的火，但在许多情境中，神的火仍然是必要的。我们可以祈求个人复兴的火焰，重新点燃我们对主的热忱，更新我们对主的委身与奉献，并唤醒我们对上帝全然的爱。

我们也可以祈求上帝的炼净之火，洁净我们的家庭、学校和教会。当主的火降临时，虚假必被焚毁，真正的敬拜将得以复兴。许多人会以更新的信心转向祂。你愿意成为呼求火焰降临的器皿吗？",天父，求祢的火焰再次降临在我的心中。我渴望如今并永远为祢火热燃烧。焚尽一切不属于祢的私欲，不要让任何事阻碍我对祢的信心。上帝啊，求祢复兴我。阿们。,/static/images/picture4.jpg,"[{""text"": ""列王纪上 18章"", ""url"": ""https://www.wordproject.org/bibles/gb/11/18.htm""}, {""text"": ""使徒行传 15:36-16:15"", ""url"": ""https://www.wordproject.org/bibles/gb/44/15.htm""}, {""text"": ""箴言 18:5-8"", ""url"": ""https://www.wordproject.org/bibles/gb/20/18.htm""}]"
2026-06-14,成为祝福,6月14日：基督的权柄更大,列王纪上19–20章、使徒行传16:16–40、箴言18:9–12,"午夜时分，保罗和西拉向上帝祷告并唱赞美诗。主降下地震，使他们得以脱离监牢。尽管他们有机会逃跑，但他们选择留了下来。坚持留下的决定，成为强而有力的见证，使狱卒和他的全家都得到了救恩。

这是一个让我们看到神权柄和大能的美好提醒。即使在最黑暗的时刻，基督仍然掌权。那些看似失败的地方，将成为得救与复兴的场所。

无论我们走到哪里，都需要铭记我们活在上帝的权柄之下。如果我们将一切道路都交托给祂，祂就赐予我们能力，指引我们的路。祷告有大能，耶稣的名有大能。愿我们学会每天行在上帝所赐予我们生命中的权柄里。",主耶稣，祢是至高的权柄。我将我的意愿和道路都交在祢手中。感谢祢赐予我祷告的能力。求祢教导我行在祢的大能里。我信靠祢的名。阿们。,/static/images/picture4.jpg,"[{""text"": ""列王纪上 19章"", ""url"": ""https://www.wordproject.org/bibles/gb/11/19.htm""}, {""text"": ""列王纪上 20章"", ""url"": ""https://www.wordproject.org/bibles/gb/11/20.htm""}, {""text"": ""使徒行传 16:16-40"", ""url"": ""https://www.wordproject.org/bibles/gb/44/16.htm""}, {""text"": ""箴言 18:9-12"", ""url"": ""https://www.wordproject.org/bibles/gb/20/18.htm""}]"
2026-06-15,成为祝福,6月15日：花点时间述说祂的故事,列王纪上21–22章、使徒行传17:1–15、诗篇78:23–39,"在帖撒罗尼迦，保罗特意花了几个安息日来解释耶稣是谁。他没有急于传讲信息，而是耐心回答人们的每一个问题。

真正的信心不是建立在炒作或强迫之上，而是建立在清楚听见并正确理解的真理上。保罗回答问题、解答疑惑，并将圣经的应许与耶稣的身份联系起来。

我们是否愿意放慢脚步，陪伴他人在信仰的旅程中前行？实际上，我们可以先倾听再说话，花时间回答关于信仰的问题，一起翻开圣经，并耐心地与人同行。当我们用爱清楚地解释福音、教导耶稣的道理时，就能帮助他人建立坚固且持久的信心。",主耶稣，感谢祢给我们保罗的榜样。求祢赐我耐心和智慧，用爱陪伴他人在信仰中前行。帮助我引导他人归向祢，使他们在心里建立坚固持久的信心。阿们。,/static/images/picture4.jpg,"[{""text"": ""列王纪上 21章"", ""url"": ""https://www.wordproject.org/bibles/gb/11/21.htm""}, {""text"": ""列王纪上 22章"", ""url"": ""https://www.wordproject.org/bibles/gb/11/22.htm""}, {""text"": ""使徒行传 17:1-15"", ""url"": ""https://www.wordproject.org/bibles/gb/44/17.htm""}, {""text"": ""诗篇 78:23-39"", ""url"": ""https://www.wordproject.org/bibles/gb/19/78.htm""}]"
2026-06-16,成为祝福,6月16日：承接先知的职分,列王纪下1–2章、使徒行传17:16–34、诗篇78:40–55,"以利亚被接升天，他的先知外袍落在以利沙身上。这是上帝工作的延续，确保祂的百姓仍有可以信靠的先知领袖。当一位仆人的使命完成时，主就兴起另一位来继续这项工作。

在当今，有些基督徒认为先知恩赐已经停止，但圣经告诉我们并非如此。使徒保罗在哥林多前书14章劝勉信徒要渴慕先知的恩赐。虽然并非每个人都被呼召担任先知职分，但每个信徒都可以求上帝在先知性的职能和恩赐上使用他们。

真正的先知怀有对圣洁与公义的负担，对圣灵的引导敏感。正如以利沙一样，我们可以求上帝加倍的恩膏。让我们回应先知事工的呼召，愿天父将祂的恩赐托付给我们，用来建立祂的子民！",天父，赐我一颗倾听的心和乐意顺服的灵。求祢重新膏我，按祢的旨意去祝福并建立祢的子民。阿们。,/static/images/picture4.jpg,"[{""text"": ""列王纪下 1章"", ""url"": ""https://www.wordproject.org/bibles/gb/12/1.htm""}, {""text"": ""列王纪下 2章"", ""url"": ""https://www.wordproject.org/bibles/gb/12/2.htm""}, {""text"": ""使徒行传 17:16-34"", ""url"": ""https://www.wordproject.org/bibles/gb/44/17.htm""}, {""text"": ""诗篇 78:40-55"", ""url"": ""https://www.wordproject.org/bibles/gb/19/78.htm""}]"
2026-06-17,成为祝福,6月17日：信的人必得奇迹,列王纪下3–4章、使徒行传18章、诗篇78:56–72,"当我们读到以利沙所行的神迹时，常会心生敬畏。我们也容易以为这样的能力只赐给少数特别的人，但事实并非如此。耶稣告诉我们，神迹会伴随所有信的人。

问题在于，我们是否能相信主可以借着我们行神迹。以利沙所行的神迹都是必要的介入——油被倍增以拯救贫困的寡妇；孩童从死里复活；饥荒中的食物得到洁净。

每一个神迹都满足了当下迫切的需要。若我们今天渴望经历神迹，我们并不需要牧师或先知。我们只需要相信，那位曾赐以利沙大能的主，也能赐能力给我们，使我们在真正需要出现时行出神迹！",天父，帮助我相信祢能够透过我做工。坚固我的信心，使我在需要时信靠祢的大能。使用我的生命，将盼望、医治和帮助带给他人，因为祢是昨日、今日、永不改变的上帝。阿们。,/static/images/picture4.jpg,"[{""text"": ""列王纪下 3章"", ""url"": ""https://www.wordproject.org/bibles/gb/12/3.htm""}, {""text"": ""列王纪下 4章"", ""url"": ""https://www.wordproject.org/bibles/gb/12/4.htm""}, {""text"": ""使徒行传 18章"", ""url"": ""https://www.wordproject.org/bibles/gb/44/18.htm""}, {""text"": ""诗篇 78:56-72"", ""url"": ""https://www.wordproject.org/bibles/gb/19/78.htm""}]"
2026-06-18,全心爱主,6月18日：妥协的隐性代价,列王纪下5–6章、使徒行传19章、诗篇79篇,"妥协是否已经渗入你的生活？你是否曾在某些事情上破例，违反了上帝明确的标准？这些零星的小让步，会悄悄地使我们的心远离完全顺服，同时让我们以为它们无害。曾经觉得错的事，现在感觉正常；曾经抵抗的事，现在可以容忍。不知不觉中，我们的属灵生命便会枯萎。

领袖必须警惕妥协。如果一个领袖容忍妥协，那么属灵的偏离也会在他所带领的地方发生。我们绝不能为了迎合他人而妥协上帝的标准。要不惜一切代价远离妥协。

像基哈西一样，你是否也曾受诱惑，越过上帝明确设定的界限？要迅速认罪、弃绝并悔改，以免带来严重的后果。宁可被人拒绝，也要得神悦纳。",天父，求祢保护我的心，不被小小的妥协侵蚀。向我显示生命中那些破坏诚信的领域，引领我回到公义的道路。阿们。,/static/images/picture1.jpg,"[{""text"": ""列王纪下 5章"", ""url"": ""https://www.wordproject.org/bibles/gb/12/5.htm""}, {""text"": ""列王纪下 6章"", ""url"": ""https://www.wordproject.org/bibles/gb/12/6.htm""}, {""text"": ""使徒行传 19章"", ""url"": ""https://www.wordproject.org/bibles/gb/44/19.htm""}, {""text"": ""诗篇 79篇"", ""url"": ""https://www.wordproject.org/bibles/gb/19/79.htm""}]"
2026-06-19,全心爱主,6月19日：愿祂的面光照我们,列王纪下7–8章、使徒行传20章、诗篇80篇,"诗人呼求：“上帝啊，求祢使我们回转，使祢的脸发光，我们便要得救”。这是以色列在面临军事威胁、被掳掠、甚至内部瓦解的时期，向上帝发出的求助呼求。

这诗篇描绘的景象是——以色列如同葡萄树，曾被耶和华从埃及带出来，栽种并使其茂盛。如今这葡萄树却被拆毁、遭蹂躏。这幅令人深省的画面，或许正映照出我们家庭或生命的境况。

那么，我们如何才能再次经历主复兴的大能呢？乃是藉着悔改归向祂，并全然倚靠祂。当我们这样行的时候，主就进入我们的处境中，祂的光要照亮我们生命中的破碎与失落之处。让我们预备好自己的心，领受主的面光照我们，相信祂的同在回归之处，必是复兴发生之所。",主耶稣，求祢复兴我的家庭，更新我的生命。我渴望祢的荣光照在我身上。我在祢面前谦卑自己，完全依靠祢，主啊！阿们。,/static/images/picture1.jpg,"[{""text"": ""列王纪下 7章"", ""url"": ""https://www.wordproject.org/bibles/gb/12/7.htm""}, {""text"": ""列王纪下 8章"", ""url"": ""https://www.wordproject.org/bibles/gb/12/8.htm""}, {""text"": ""使徒行传 20章"", ""url"": ""https://www.wordproject.org/bibles/gb/44/20.htm""}, {""text"": ""诗篇 80篇"", ""url"": ""https://www.wordproject.org/bibles/gb/19/80.htm""}]"
2026-06-20,全心爱主,6月20日：全然为主,列王纪下9-10章、使徒行传21章、诗篇81篇,"“我为主耶稣的名，不但被人捆绑，就是死在耶路撒冷也是愿意的”。对于漫不经心的基督徒而言，这些话或许听起来过于极端。然而，它们恰恰揭示了真正作门徒的核心心志。

圣经从未要我们渴望逼迫或苦难，但它确实教导我们为可能临到的这一切做好准备。当苦难来临时，不要问为什么，而要问该如何回应。我们是要因恐惧而退缩，还是持守对基督之名的忠心？

正如那首耳熟能详的诗歌所唱：“我已决定要跟随耶稣，永不回头，永不回头”。让我们立定心志，选择全然为主，毫无保留，因惟有祂配得我们全然的委身与坚定不移的顺服。",主耶稣，我愿全心跟随祢。无论祢领我往何处，我必跟随。我的意志不再属于自己，乃要顺服于祢。求祢赐我能力，持守到底，每天赐我新的力量，坚忍不拔。阿们。,/static/images/picture1.jpg,"[{""text"": ""列王纪下 9章"", ""url"": ""https://www.wordproject.org/bibles/gb/12/9.htm""}, {""text"": ""列王纪下 10章"", ""url"": ""https://www.wordproject.org/bibles/gb/12/10.htm""}, {""text"": ""使徒行传 21章"", ""url"": ""https://www.wordproject.org/bibles/gb/44/21.htm""}, {""text"": ""诗篇 81篇"", ""url"": ""https://www.wordproject.org/bibles/gb/19/81.htm""}]"
2026-06-21,全心爱主,6月21日：作祂爱的见证,列王纪下11-13章、使徒行传22章、诗篇82篇,"尽管饱受鞭打，保罗仍选择向迫害他的人讲述上帝的爱如何改变了他的生命。当我们真切经历过上帝的爱时，就无法保持沉默。

如果我们说“上帝爱我们”，那么我们的生命就必须回应这个真理。爱会自然流露——爱成为见证，引领他人认识耶稣。现在正是时候，把那改变了我们人生的爱，告诉我们所认识的每一个人。

今天，我们该如何成为主耶稣的见证人呢？我们可以分享自己的见证，在人们的处境中关爱他们，并为那些正经历挣扎的人祷告。我们可以邀请他人一同参加主日崇拜或连结小组。愿我们日常的交谈成为分享主耶稣基督美善的新契机！",天父，感谢祢改变我的生命。祢呼召我作祢的见证人，我选择顺服。求祢赐我勇气，让我能迈出信心的步伐，藉着我的生命与言语宣扬祢的美善。阿们。,/static/images/picture1.jpg,"[{""text"": ""列王纪下 11章"", ""url"": ""https://www.wordproject.org/bibles/gb/12/11.htm""}, {""text"": ""列王纪下 12章"", ""url"": ""https://www.wordproject.org/bibles/gb/12/12.htm""}, {""text"": ""列王纪下 13章"", ""url"": ""https://www.wordproject.org/bibles/gb/12/13.htm""}, {""text"": ""使徒行传 22章"", ""url"": ""https://www.wordproject.org/bibles/gb/44/22.htm""}, {""text"": ""诗篇 82篇"", ""url"": ""https://www.wordproject.org/bibles/gb/19/82.htm""}]"
2026-06-22,全心爱主,6月22日：得胜后更要警守己心,列王纪下14-15章、使徒行传23章、诗篇83篇,"大多数人都渴望成功，也为此祷告。但我们真的能承担得起胜利吗？当我们拥有很少的时候，谦卑是很容易的。但尝到成功的滋味时，要保持谦卑却是困难得多。骄傲会悄然耳语，告诉我们自己配得上掌声。如果不保守内心，成功就会变成危险。与其如此，不如祈求被破碎，免得成功带来的骄傲潜入我们的心思，诱使我们的内心偏离正路。

成功既是奖赏，也是试验——要测试我们是否会记得胜利的源头，能否让上帝居于中心，能否持守谦卑而不崇拜成就。我们是将成就归于上帝，还是归给自己膨胀的自我？

成功固然是好事，但前提是它更多地彰显了上帝，而非我们自己。上帝将我们抬举得越高，我们的心就该俯伏得越低。愿荣耀永远归于上帝！",天父，求祢预备我的心，使我懂得如何正确面对成功。当胜利来临时，求祢保守我远离骄傲，提醒我每一个福分都单单从祢而来。阿们。,/static/images/picture1.jpg,"[{""text"": ""列王纪下 14章"", ""url"": ""https://www.wordproject.org/bibles/gb/12/14.htm""}, {""text"": ""列王纪下 15章"", ""url"": ""https://www.wordproject.org/bibles/gb/12/15.htm""}, {""text"": ""使徒行传 23章"", ""url"": ""https://www.wordproject.org/bibles/gb/44/23.htm""}, {""text"": ""诗篇 83篇"", ""url"": ""https://www.wordproject.org/bibles/gb/19/83.htm""}]"
2026-06-23,全心爱主,6月23日：把祂放在首位,列王纪下16-17章、使徒行传24章、箴言18:13-16,"以色列战败，百姓被掳异乡。圣经明确指出了原因——他们选择依恋偶像。尽管他们承认真上帝，心中对祂的委身却三心二意。

属灵的衰退甚少在一夜之间发生。它往往始于微小的妥协，这些妥协逐渐引致更大的偏离。时日一到，主便收回祂保护的手，让他们所作的选择的后果自然显现。

这段历史呼召我们省察自己的内心。上帝所渴望的远超过口头上的承认，祂要的是毫无保留的爱。愿我们持守对主的委身，选择把祂放在首位，全心爱祂。",天父，求祢鉴察我的心，求祢光照我心中一切不专一于祢的地方。保守我远离妥协，帮助我全心全意爱祢。阿们。,/static/images/picture1.jpg,"[{""text"": ""列王纪下 16章"", ""url"": ""https://www.wordproject.org/bibles/gb/12/16.htm""}, {""text"": ""列王纪下 17章"", ""url"": ""https://www.wordproject.org/bibles/gb/12/17.htm""}, {""text"": ""使徒行传 24章"", ""url"": ""https://www.wordproject.org/bibles/gb/44/24.htm""}, {""text"": ""箴言 18:13-16"", ""url"": ""https://www.wordproject.org/bibles/gb/20/18.htm""}]"
2026-06-24,全心爱主,6月24日：坚定依靠上帝,列王纪下18章、使徒行传25章、箴言18:17-20,"希西家是犹大最杰出的君王之一，因为他专心跟从上帝。圣经告诉我们，他坚定依靠耶和华，谨守上帝的诫命。因此，耶和华与他同在，使他凡事亨通。

真正委身于上帝的人实属罕见。在以色列和犹大共四十位君王中，仅有八位被记载为好王。希西家便是其中之一。他的生命促使我们扪心自问——我们究竟是怎样的基督徒？

若我们渴望成为真正的门徒，就必须学习郑重对待祂的话语，除去所有偶像，并遵行祂的诫命。坚定依靠上帝是每日的选择。愿我们全心全意地信靠祂，愿祂的同在常与我们相伴。",主耶稣，我愿紧紧跟随祢。愿我口中的言语、心里的意念，在祢面前蒙悦纳。主耶和华，我的磐石，我的救赎主啊！阿们。,/static/images/picture1.jpg,"[{""text"": ""列王纪下 18章"", ""url"": ""https://www.wordproject.org/bibles/gb/12/18.htm""}, {""text"": ""使徒行传 25章"", ""url"": ""https://www.wordproject.org/bibles/gb/44/25.htm""}, {""text"": ""箴言 18:17-20"", ""url"": ""https://www.wordproject.org/bibles/gb/20/18.htm""}]"
2026-06-25,连结社群,6月25日：选择有智慧的同伴,列王纪下19-20章、使徒行传26章、箴言18:21-24,"圣经警示说：""滥交朋友的，自取败坏；但有一朋友，比弟兄更亲密""。我们或许有许多相识之人，但真正的朋友却屈指可数。这箴言道出了人际关系中数量与质量的区别。

我们选择与谁同行确实至关重要。最亲近我们的人塑造我们的思想，影响我们的价值观，并左右我们的生活方式。

你拥有怎样的朋友，又应当寻求怎样的朋友呢？寻找那些与主同行的人，结交有品格见证的朋友。选择那些愿意以爱心讲真理的人，珍惜那些在艰难时期依然坚定不移的人。愿主赐给我们智慧和分辨力，让我们在经营友谊时作出正确的选择。",天父，求祢赐我智慧选择益友。保守我的心远离浅薄之交，引导我进入那些能使我更亲近祢的关系中。阿们。,/static/images/picture2.jpg,"[{""text"": ""列王纪下 19章"", ""url"": ""https://www.wordproject.org/bibles/gb/12/19.htm""}, {""text"": ""列王纪下 20章"", ""url"": ""https://www.wordproject.org/bibles/gb/12/20.htm""}, {""text"": ""使徒行传 26章"", ""url"": ""https://www.wordproject.org/bibles/gb/44/26.htm""}, {""text"": ""箴言 18:21-24"", ""url"": ""https://www.wordproject.org/bibles/gb/20/18.htm""}]"
2026-06-26,连结社群,6月26日：风暴中的信心,列王纪下21-22章、使徒行传27:1-26、箴言19:1-3,"尽管保罗在船上是个囚犯，说话却带着权柄。在狂风巨浪中，当经验丰富的水手都失去希望时，保罗却凭信心坚定站立，宣告必无人丧命。

有时，我们可能发现自己是艰难处境中唯一的信徒。但信心能使我们成为希望的源头，发出安稳的确据之声。

当我们在风暴中信靠上帝时，我们对祂的信心能坚固他人，并引导他们归向那位仍掌管万有的主。选择说出充满信心的话语，选择坚强站立。当你将心系于上帝时，祂必信实地带领你渡过风暴。",主耶稣，祢是那发命令连风暴也听从的主。我毫无惧怕，因我知道祢与我同在。我深知所面对的一切都在祢掌管之中。我将生命完全交托在祢手中。阿们。,/static/images/picture2.jpg,"[{""text"": ""列王纪下 21章"", ""url"": ""https://www.wordproject.org/bibles/gb/12/21.htm""}, {""text"": ""列王纪下 22章"", ""url"": ""https://www.wordproject.org/bibles/gb/12/22.htm""}, {""text"": ""使徒行传 27:1-26"", ""url"": ""https://www.wordproject.org/bibles/gb/44/27.htm""}, {""text"": ""箴言 19:1-3"", ""url"": ""https://www.wordproject.org/bibles/gb/20/19.htm""}]"
2026-06-27,连结社群,6月27日：重建破碎的社群,列王纪下23-24章、使徒行传27:27-44、箴言19:4-6,"在约西亚王的带领下，犹大经历了属灵复兴最辉煌的时期之一。

约西亚深知，破碎的群体无法靠表面的改变得以修复。真正的重建，必须直面那损坏国家属灵根基的罪。从许多方面来看，这一原则同样适用于今日的我们。个人生命与教会的复兴，都必须从诚实地面对导致破碎的根源开始。

在重建关系与家庭之前，必须先清除有害的影响。只有当偶像被除灭、不合上帝心意的领袖被纠正、错误的教导被弃绝，真正的复兴与更新才会发生。唯有如此，我们的群体才能在真理、忠信和全心委身于主的基础上被重建。",主耶稣，求祢重建祢百姓中破碎的关系。除去一切不荣耀祢的事，藉着祢的恩典恢复我的人际关系与社群。阿们。,/static/images/picture2.jpg,"[{""text"": ""列王纪下 23章"", ""url"": ""https://www.wordproject.org/bibles/gb/12/23.htm""}, {""text"": ""列王纪下 24章"", ""url"": ""https://www.wordproject.org/bibles/gb/12/24.htm""}, {""text"": ""使徒行传 27:27-44"", ""url"": ""https://www.wordproject.org/bibles/gb/44/27.htm""}, {""text"": ""箴言 19:4-6"", ""url"": ""https://www.wordproject.org/bibles/gb/20/19.htm""}]"
2026-06-28,连结社群,6月28日：真仆人的心肠,列王纪下25章、使徒行传28:1-16、箴言19:7-9,"历经海难，甚至被毒蛇咬伤之后，保罗仍继续服事，仿佛那些创伤经历从未发生过一样。

保罗不仅拥有仆人的心肠，更真正活出了他所写的：“无论是希腊人、化外人、聪明人、愚拙人，我都欠他们的债”。他未曾等到生活安逸才去服事，苦难也没有使他对周围的人心变得刚硬。

耶稣确认，真正的伟大源于服事他人。真正的服事，是在遭遇重大挫折时，仍然愿意为所服事的人；是当作为上帝的仆人，遵行祂的旨意、过牺牲的生活，比追求地位、名誉或财富更甘甜；是当我们宁愿放下自己的权利，也不愿背弃福音。这就是服侍的真谛。愿我们拥有一颗甘心服事、成全他人喜乐来荣耀上帝的心。",主耶稣，求祢赐我仆人的心肠。祢来是为服事人，求主加力量，使我也能如此行，让世人得以看见祢。阿们。,/static/images/picture2.jpg,"[{""text"": ""列王纪下 25章"", ""url"": ""https://www.wordproject.org/bibles/gb/12/25.htm""}, {""text"": ""使徒行传 28:1-16"", ""url"": ""https://www.wordproject.org/bibles/gb/44/28.htm""}, {""text"": ""箴言 19:7-9"", ""url"": ""https://www.wordproject.org/bibles/gb/20/19.htm""}]"
2026-06-29,连结社群,6月29日：并非每次冒犯都需要回应,历代志上1章、使徒行传28:17-31、箴言19:10-12,"有时候，面对冒犯，最明智的回应乃是自我约束。如此选择，我们便不允许冒犯掌控心灵和行为。智慧懂得分辨哪些争战值得放下。

我们也要提防“被冒犯的灵”。它会听见别人未曾说过的话，在根本没有侮辱的地方感到被侮辱。当下情绪化的反应或许显得理直气壮，却可能使冲突加倍。

当我们选择释怀微小的摩擦、性格的怪癖、无意的过失或不经意的言语时，人际关系便能茁壮成长。这类冒犯通常源于不成熟或考虑不周，而非恶意。智慧的人不会为此耿耿于怀。",主耶稣，求祢保守我的心，赐我智慧去释怀放下那些无关紧要的事。帮助我分辨哪些冒犯应交托于祢，并引导我以节制和爱来回应。阿们。,/static/images/picture2.jpg,"[{""text"": ""历代志上 1章"", ""url"": ""https://www.wordproject.org/bibles/gb/13/1.htm""}, {""text"": ""使徒行传 28:17-31"", ""url"": ""https://www.wordproject.org/bibles/gb/44/28.htm""}, {""text"": ""箴言 19:10-12"", ""url"": ""https://www.wordproject.org/bibles/gb/20/19.htm""}]"
2026-06-30,连结社群,6月30日：以福音为中心的生命,历代志上2章、罗马书1:1-17、诗篇84-85篇,"保罗迫切地想向罗马的基督徒群体传讲福音。我们常以为好消息只是为了引领人归向基督，但保罗深知，福音需要持续传讲，甚至对已经相信的人也不例外。

这福音本是上帝的大能，要救一切信的人。救恩并非一次性的事件。在基督里，我们已经得救，正在得救，将来也必要得救。福音必须成为联结我们的纽带。

作为信徒，我们绝不能自认为已超越福音。我们需要反复聆听，让它不断更新我们的心，校正我们的人生方向。愿福音始终成为我们所信、所活、所传的核心。",天父，感谢祢在我生命中成就的救恩。愿我每日都铭记祢的怜悯。求祢帮助我忠心活出以真理为中心的生命，并传扬这美好的福音。阿们。,/static/images/picture2.jpg,"[{""text"": ""历代志上 2章"", ""url"": ""https://www.wordproject.org/bibles/gb/13/2.htm""}, {""text"": ""罗马书 1:1-17"", ""url"": ""https://www.wordproject.org/bibles/gb/45/1.htm""}, {""text"": ""诗篇 84篇"", ""url"": ""https://www.wordproject.org/bibles/gb/19/84.htm""}, {""text"": ""诗篇 85篇"", ""url"": ""https://www.wordproject.org/bibles/gb/19/85.htm""}]"
